average,label,anomaly
17.279688183903495,normal,non_anomaly
16.130825446589025,normal,non_anomaly
14.814927763210216,normal,non_anomaly
17.27553138180567,normal,non_anomaly
15.301358782479989,normal,non_anomaly
17.84579764099289,normal,non_anomaly
20.353446235555463,normal,non_anomaly
17.792346642648916,normal,non_anomaly
17.09008332929786,normal,non_anomaly
14.846756950265243,normal,non_anomaly
19.702599876904486,normal,non_anomaly
15.496118725402797,normal,non_anomaly
15.03445368909412,normal,non_anomaly
14.828026901194098,normal,non_anomaly
15.172090290651138,normal,non_anomaly
17.363753685699216,normal,non_anomaly
14.835977707761751,normal,non_anomaly
15.666449837270829,normal,non_anomaly
17.608951915536625,normal,non_anomaly
15.14949135567144,normal,non_anomaly
17.272211927239812,normal,non_anomaly
16.301790943286786,normal,non_anomaly
18.99112275921736,normal,non_anomaly
17.66255918247536,normal,non_anomaly
16.445391334195484,normal,non_anomaly
20.2719306194888,normal,non_anomaly
15.129307012742903,normal,non_anomaly
20.732951806068414,normal,non_anomaly
19.28334960200834,normal,non_anomaly
19.95190119463408,normal,non_anomaly
18.362772609945942,normal,non_anomaly
18.541674817265204,normal,non_anomaly
16.164308810724076,normal,non_anomaly
14.804360633339163,normal,non_anomaly
16.283693666010606,normal,non_anomaly
19.64923019085296,normal,non_anomaly
18.600491231296765,normal,non_anomaly
17.861392338730568,normal,non_anomaly
14.703930695921212,normal,non_anomaly
15.847852826491295,normal,non_anomaly
18.074492389868457,normal,non_anomaly
15.862246421378348,normal,non_anomaly
18.4442769104155,normal,non_anomaly
16.434783237602296,normal,non_anomaly
20.069428837221455,normal,non_anomaly
19.691710366166415,normal,non_anomaly
19.490331581846213,normal,non_anomaly
18.049357380456076,normal,non_anomaly
17.825354394242247,normal,non_anomaly
18.69023067485219,normal,non_anomaly
15.48075980389435,normal,non_anomaly
14.878566286308438,normal,non_anomaly
15.172471308055833,normal,non_anomaly
17.99461597523553,normal,non_anomaly
18.37890271280303,normal,non_anomaly
14.80919461151497,normal,non_anomaly
15.616331983795734,normal,non_anomaly
17.33487570748111,normal,non_anomaly
21.15571962851126,normal,non_anomaly
17.379738575705716,normal,non_anomaly
14.889231044535608,normal,non_anomaly
16.109584738327207,normal,non_anomaly
18.157482438709927,normal,non_anomaly
15.580648321076586,normal,non_anomaly
17.91665375897438,normal,non_anomaly
17.67171150472906,normal,non_anomaly
17.34910658018666,normal,non_anomaly
18.493703390651728,normal,non_anomaly
18.68798291254913,normal,non_anomaly
18.479656664583683,normal,non_anomaly
16.099482748687713,normal,non_anomaly
16.872541589313666,normal,non_anomaly
15.793739316504618,normal,non_anomaly
15.470980563460166,normal,non_anomaly
18.853993384658033,normal,non_anomaly
18.15890487782064,normal,non_anomaly
19.914513942728266,normal,non_anomaly
19.557988285566882,normal,non_anomaly
18.912800340920654,normal,non_anomaly
19.473343168847137,normal,non_anomaly
15.166162778717407,normal,non_anomaly
16.089611298334994,normal,non_anomaly
15.412562429568723,normal,non_anomaly
19.36591237001364,normal,non_anomaly
18.70978386866915,normal,non_anomaly
17.73088927720178,normal,non_anomaly
14.991984010534132,normal,non_anomaly
15.332418672112636,normal,non_anomaly
17.59100408617142,normal,non_anomaly
18.38023408699731,normal,non_anomaly
18.28027911640222,normal,non_anomaly
18.966509540755652,normal,non_anomaly
19.83574040546643,normal,non_anomaly
19.96285130922103,normal,non_anomaly
17.880649530833686,normal,non_anomaly
15.032584718449408,normal,non_anomaly
16.593729916457974,normal,non_anomaly
14.981864412425642,normal,non_anomaly
15.57792553541421,normal,non_anomaly
15.943556300301344,normal,non_anomaly
19.315670262390288,normal,non_anomaly
21.675779522905323,normal,non_anomaly
18.46600682407369,normal,non_anomaly
19.094691070200398,normal,non_anomaly
17.592004887878776,normal,non_anomaly
16.96523653588025,normal,non_anomaly
15.253253347510505,normal,non_anomaly
18.231838598522735,normal,non_anomaly
27.189861614283856,normal,non_anomaly
14.514832095669908,normal,non_anomaly
20.42472400879443,normal,non_anomaly
19.488873951440652,normal,non_anomaly
17.33634913846546,normal,non_anomaly
19.326737858235454,normal,non_anomaly
17.908808852274152,normal,non_anomaly
18.920266285689124,normal,non_anomaly
15.693836776144032,normal,non_anomaly
15.451719139066027,normal,non_anomaly
18.12270584807166,normal,non_anomaly
14.761801535660796,normal,non_anomaly
15.458173649921724,normal,non_anomaly
19.393663244952094,normal,non_anomaly
16.378431632403775,normal,non_anomaly
16.749499618675035,normal,non_anomaly
18.819004369063595,normal,non_anomaly
14.861205347736972,normal,non_anomaly
18.69293202530974,normal,non_anomaly
14.689712735725738,normal,non_anomaly
16.03755780311213,normal,non_anomaly
17.343295540098616,normal,non_anomaly
18.199276569698682,normal,non_anomaly
16.26521470320741,normal,non_anomaly
15.094518241095438,normal,non_anomaly
14.64904650284245,normal,non_anomaly
16.720011395768022,normal,non_anomaly
15.732417553484549,normal,non_anomaly
14.677518489992838,normal,non_anomaly
17.897502077169012,normal,non_anomaly
15.56600934285068,normal,non_anomaly
19.071536487445474,normal,non_anomaly
19.60054184419674,normal,non_anomaly
14.580092816135405,normal,non_anomaly
15.801815984159052,normal,non_anomaly
18.146483217870102,normal,non_anomaly
14.46521374641362,normal,non_anomaly
15.128624221651844,normal,non_anomaly
16.79581129667119,normal,non_anomaly
15.085723179094819,normal,non_anomaly
15.027418219738239,normal,non_anomaly
17.953838893487163,normal,non_anomaly
17.574686367478595,normal,non_anomaly
15.601032104080835,normal,non_anomaly
16.864278326867133,normal,non_anomaly
16.897520753106075,normal,non_anomaly
15.075834522460186,normal,non_anomaly
15.214789976230442,normal,non_anomaly
19.1415780749015,normal,non_anomaly
19.965584855534537,normal,non_anomaly
16.448874544309234,normal,non_anomaly
17.155071448030913,normal,non_anomaly
15.346239041941649,normal,non_anomaly
19.16815604761678,normal,non_anomaly
19.052928362509945,normal,non_anomaly
18.1617978974391,normal,non_anomaly
16.12066452541975,normal,non_anomaly
15.237758878096866,normal,non_anomaly
17.865283097805843,normal,non_anomaly
19.871114995418804,normal,non_anomaly
21.36220004342943,normal,non_anomaly
18.67754399011255,normal,non_anomaly
21.285729583135005,normal,non_anomaly
18.33472452832287,normal,non_anomaly
22.11789759347457,normal,non_anomaly
19.57635857673843,normal,non_anomaly
18.419702068678713,normal,non_anomaly
20.516463591024277,normal,non_anomaly
17.345949971227896,normal,non_anomaly
18.97380676361567,normal,non_anomaly
16.212503299278687,normal,non_anomaly
18.788942211328674,normal,non_anomaly
15.269708200364208,normal,non_anomaly
16.152465868462542,normal,non_anomaly
18.62926424378681,normal,non_anomaly
17.593273428457742,normal,non_anomaly
19.421346367108928,normal,non_anomaly
15.164622218714557,normal,non_anomaly
14.419489619400492,normal,non_anomaly
19.681831592302313,normal,non_anomaly
15.839275650563776,normal,non_anomaly
15.9749472855937,normal,non_anomaly
15.49594285308815,normal,non_anomaly
18.721314216473182,normal,non_anomaly
16.663592698430413,normal,non_anomaly
17.924994307096263,normal,non_anomaly
20.438726380145226,normal,non_anomaly
14.973683558553702,normal,non_anomaly
14.506259595251766,normal,non_anomaly
15.596271849881415,normal,non_anomaly
20.275080357617377,normal,non_anomaly
18.562189191728944,normal,non_anomaly
19.73377334848912,normal,non_anomaly
16.474537917040713,normal,non_anomaly
15.095266111813643,normal,non_anomaly
16.457730703591732,normal,non_anomaly
16.073510210121963,normal,non_anomaly
14.870447618884992,normal,non_anomaly
15.132147750428487,normal,non_anomaly
20.223238224277118,normal,non_anomaly
14.74222775647536,normal,non_anomaly
17.91552306834733,normal,non_anomaly
17.735360253278067,normal,non_anomaly
16.698483353138574,normal,non_anomaly
15.430207672887834,normal,non_anomaly
19.29561766004531,normal,non_anomaly
16.939082502859055,normal,non_anomaly
15.092333073565705,normal,non_anomaly
15.991125436626097,normal,non_anomaly
18.608001421183747,normal,non_anomaly
15.695307953689449,normal,non_anomaly
16.787022275748587,normal,non_anomaly
14.73375003845848,normal,non_anomaly
15.35084244280155,normal,non_anomaly
20.365545116506905,normal,non_anomaly
17.34923082170418,normal,non_anomaly
15.054333814507265,normal,non_anomaly
16.26929956232951,normal,non_anomaly
19.507679939042394,normal,non_anomaly
14.768503846040444,normal,non_anomaly
18.480766527906837,normal,non_anomaly
19.56450100181076,normal,non_anomaly
18.84987739324107,normal,non_anomaly
16.90131949628212,normal,non_anomaly
16.238459971463634,normal,non_anomaly
15.670408132147035,normal,non_anomaly
16.308330491936186,normal,non_anomaly
17.98643309221367,normal,non_anomaly
17.435670999998006,normal,non_anomaly
16.24823264541594,normal,non_anomaly
14.876290360493048,normal,non_anomaly
16.261823476649113,normal,non_anomaly
15.23985724795791,normal,non_anomaly
17.35365075527126,normal,non_anomaly
19.101184162075533,normal,non_anomaly
16.883004821363016,normal,non_anomaly
14.690041580213059,normal,non_anomaly
18.798802084057574,normal,non_anomaly
16.062526493634376,normal,non_anomaly
19.961933680501428,normal,non_anomaly
18.140221645223708,normal,non_anomaly
18.09560206073987,normal,non_anomaly
19.202589968248002,normal,non_anomaly
15.162024410641154,normal,non_anomaly
19.32274859021237,normal,non_anomaly
18.430115303487224,normal,non_anomaly
17.704772607938345,normal,non_anomaly
14.863036329909566,normal,non_anomaly
15.661172202912978,normal,non_anomaly
16.083571552521782,normal,non_anomaly
18.82852569846404,normal,non_anomaly
17.614099030881217,normal,non_anomaly
16.471938073154828,normal,non_anomaly
15.200331435278256,normal,non_anomaly
14.795851083023445,normal,non_anomaly
15.895524913405538,normal,non_anomaly
15.374163223641618,normal,non_anomaly
18.242380870694017,normal,non_anomaly
14.491624269512373,normal,non_anomaly
16.40232070320834,normal,non_anomaly
17.13996014766864,normal,non_anomaly
15.461363958639964,normal,non_anomaly
15.317801420592541,normal,non_anomaly
14.982405075541624,normal,non_anomaly
15.188852809589896,normal,non_anomaly
15.635854484613995,normal,non_anomaly
15.84437624746502,normal,non_anomaly
14.881085620541203,normal,non_anomaly
15.183338906724483,normal,non_anomaly
18.65769440715794,normal,non_anomaly
18.996713793649104,normal,non_anomaly
16.02169000137774,normal,non_anomaly
18.02227299419332,normal,non_anomaly
15.302979897842146,normal,non_anomaly
16.015368841190355,normal,non_anomaly
18.503143683190803,normal,non_anomaly
18.057838931452473,normal,non_anomaly
20.912683011880354,normal,non_anomaly
17.157383977716208,normal,non_anomaly
14.988869521821576,normal,non_anomaly
16.4863066034878,normal,non_anomaly
18.000953598373776,normal,non_anomaly
20.834655298539882,normal,non_anomaly
14.63485075235575,normal,non_anomaly
20.712709254517897,normal,non_anomaly
14.949314012233591,normal,non_anomaly
18.75382812654764,normal,non_anomaly
17.838986727452664,normal,non_anomaly
17.291266243451716,normal,non_anomaly
17.374410267693175,normal,non_anomaly
17.919892516395787,normal,non_anomaly
19.276914077130908,normal,non_anomaly
19.17656746540178,normal,non_anomaly
15.452980622088605,normal,non_anomaly
14.195385791721831,normal,non_anomaly
16.38214048497184,normal,non_anomaly
14.676498996729794,normal,non_anomaly
20.640281266675952,normal,non_anomaly
19.820245058499093,normal,non_anomaly
14.63267495758189,normal,non_anomaly
18.052857494010834,normal,non_anomaly
15.519464263895834,normal,non_anomaly
16.621691926822667,normal,non_anomaly
18.778203462797983,normal,non_anomaly
16.402484681257008,normal,non_anomaly
19.321547692364586,normal,non_anomaly
22.03541118086752,normal,non_anomaly
17.94187931645877,normal,non_anomaly
19.14717832726976,normal,non_anomaly
18.161430723200535,normal,non_anomaly
15.163148921254177,normal,non_anomaly
15.482475410183318,normal,non_anomaly
18.48064445207937,normal,non_anomaly
18.28591947549789,normal,non_anomaly
16.713075828379928,normal,non_anomaly
21.25107481698856,normal,non_anomaly
17.96049618147327,normal,non_anomaly
17.431467212265453,normal,non_anomaly
15.668916618913098,normal,non_anomaly
19.35138728214112,normal,non_anomaly
18.655224062530465,normal,non_anomaly
17.974660571601856,normal,non_anomaly
19.663079132023842,normal,non_anomaly
17.705018181868624,normal,non_anomaly
15.009301615441688,normal,non_anomaly
15.951697517012363,normal,non_anomaly
15.594567377148627,normal,non_anomaly
15.135644085252252,normal,non_anomaly
15.010589011120846,normal,non_anomaly
17.39560157132433,normal,non_anomaly
17.48656918589222,normal,non_anomaly
14.743500043183522,normal,non_anomaly
17.437081559763243,normal,non_anomaly
17.374028427983884,normal,non_anomaly
15.582701627060684,normal,non_anomaly
14.357124353033473,normal,non_anomaly
17.639008489516094,normal,non_anomaly
14.731417971855564,normal,non_anomaly
15.060503240553654,normal,non_anomaly
20.343201358875437,normal,non_anomaly
17.425540340155706,normal,non_anomaly
18.7336939321969,normal,non_anomaly
15.357156664826798,normal,non_anomaly
16.759049144677178,normal,non_anomaly
15.014245912651473,normal,non_anomaly
17.892841032171358,normal,non_anomaly
16.070518155843025,normal,non_anomaly
18.484916856359618,normal,non_anomaly
20.46126739969358,normal,non_anomaly
16.415750495421385,normal,non_anomaly
17.29360821434284,normal,non_anomaly
15.224016863977926,normal,non_anomaly
19.59837033748544,normal,non_anomaly
15.431425136484247,normal,non_anomaly
19.007803789827825,normal,non_anomaly
15.983293862366288,normal,non_anomaly
18.612447215349338,normal,non_anomaly
17.67684746059158,normal,non_anomaly
17.977660398940653,normal,non_anomaly
17.47915187074233,normal,non_anomaly
14.975895425339369,normal,non_anomaly
15.049519726932738,normal,non_anomaly
15.079594833985032,normal,non_anomaly
18.799640532838854,normal,non_anomaly
17.074226928180142,normal,non_anomaly
18.340386412548014,normal,non_anomaly
19.278734839467877,normal,non_anomaly
18.44311804971854,normal,non_anomaly
16.35001298067564,normal,non_anomaly
21.64835803322957,normal,non_anomaly
18.43369725157982,normal,non_anomaly
18.788132538774835,normal,non_anomaly
18.11645368433825,normal,non_anomaly
18.0481010148093,normal,non_anomaly
15.824772200233681,normal,non_anomaly
15.735183850844322,normal,non_anomaly
15.199276608927489,normal,non_anomaly
14.801640948651066,normal,non_anomaly
14.368404938867691,normal,non_anomaly
15.008763614886778,normal,non_anomaly
17.74219506488192,normal,non_anomaly
19.297130652465064,normal,non_anomaly
17.538359144572205,normal,non_anomaly
18.22437728701931,normal,non_anomaly
17.175169751129022,normal,non_anomaly
18.393411710643438,normal,non_anomaly
18.97316508970784,normal,non_anomaly
17.633424388037017,normal,non_anomaly
15.455698067394312,normal,non_anomaly
18.860345807609324,normal,non_anomaly
17.45249132283363,normal,non_anomaly
16.659758001616588,normal,non_anomaly
23.954533556243366,label_1,anomaly
23.393574450614125,label_0,anomaly
21.13470700482147,label_3,anomaly
21.164923959258427,label_3,anomaly
21.16780411134987,label_1,anomaly
21.75733383826762,label_4,anomaly
20.842008276758513,label_1,anomaly
19.95276863067982,label_4,anomaly
19.172837122480495,label_2,anomaly
20.044085177636802,label_4,anomaly
19.180270334774807,label_2,anomaly
19.847755712835458,label_4,anomaly
19.42011334436214,label_0,anomaly
24.43888637951132,label_5,anomaly
23.101555483127996,label_5,anomaly
23.101555483127996,label_5,anomaly
23.236996460262322,label_5,anomaly
27.44244183969358,label_5,anomaly
22.429421597871038,label_5,anomaly
22.44106239733177,label_1,anomaly
23.71995859498686,label_1,anomaly
23.946098540125405,label_5,anomaly
24.929396489590783,label_1,anomaly
20.982075440065323,label_1,anomaly
26.081733727567467,label_5,anomaly
24.01799274494765,label_1,anomaly
24.155280460052147,label_5,anomaly
22.546894455254535,label_2,anomaly
23.57485071926515,label_1,anomaly
26.011563347481257,label_1,anomaly
23.342589122163183,label_5,anomaly
19.866079023007075,label_1,anomaly
24.331824097716023,label_1,anomaly
21.659832518093488,label_2,anomaly
22.996016768169184,label_1,anomaly
17.72991928179221,label_1,anomaly
20.114649361053154,label_7,anomaly
20.674211677202628,label_7,anomaly
19.317040743552962,label_7,anomaly
19.64848062852276,label_7,anomaly
20.089629639706853,label_4,anomaly
18.860101031534143,label_7,anomaly
21.61203855668916,label_5,anomaly
19.933404257813034,label_2,anomaly
20.351495636230318,label_4,anomaly
18.84388355036779,label_2,anomaly
19.087717100894317,label_7,anomaly
19.09745396389554,label_5,anomaly
18.121174159389035,label_5,anomaly
18.436870225760924,label_7,anomaly
18.463901113213083,label_5,anomaly
20.370639620730245,label_7,anomaly
21.68282967268534,label_5,anomaly
23.70581092389312,label_5,anomaly
20.070721307051997,label_5,anomaly
21.617297394221794,label_5,anomaly
21.32830263487845,label_5,anomaly
20.234466294147666,label_5,anomaly
20.345295777301956,label_5,anomaly
21.521249140766624,label_4,anomaly
21.538192165632463,label_1,anomaly
20.60359128187376,label_7,anomaly
19.173490199025988,label_7,anomaly
18.793036885159577,label_7,anomaly
19.368726648056622,label_5,anomaly
18.341516435681484,label_7,anomaly
19.701053407921517,label_5,anomaly
19.014315338041126,label_4,anomaly
19.750435040433555,label_5,anomaly
21.18399573774252,label_4,anomaly
22.066321193886402,label_7,anomaly
21.44069669974804,label_5,anomaly
19.686340049399497,label_4,anomaly
20.537318394910468,label_5,anomaly
18.992257425254913,label_4,anomaly
19.606705270109313,label_5,anomaly
19.158869338844056,label_4,anomaly
17.8962614549809,label_5,anomaly
19.097862123113277,label_4,anomaly
19.928088478168213,label_2,anomaly
18.381916127490037,label_4,anomaly
18.749587769272875,label_7,anomaly
19.19108321568465,label_7,anomaly
18.28841675434966,label_2,anomaly
18.615277570096364,label_4,anomaly
18.976363980802294,label_2,anomaly
19.487006593824017,label_1,anomaly
18.64119078330504,label_2,anomaly
18.677293837016244,label_1,anomaly
18.623998772912742,label_5,anomaly
20.058480983787817,label_4,anomaly
19.20832917147113,label_5,anomaly
20.49805246468824,label_4,anomaly
18.91752886415669,label_5,anomaly
19.54772085915596,label_4,anomaly
18.188563309092356,label_5,anomaly
19.028186805379317,label_4,anomaly
18.607503937070295,label_5,anomaly
19.47413507646999,label_4,anomaly
18.039557773234584,label_5,anomaly
19.347529726762875,label_4,anomaly
19.62274523261535,label_5,anomaly
18.670702307149366,label_4,anomaly
18.572825745876717,label_1,anomaly
17.424954852685,label_0,anomaly
17.254291491881116,label_1,anomaly
19.95548964193991,label_1,anomaly
20.62632335815567,label_4,anomaly
20.102945606566493,label_4,anomaly
18.380802676673834,label_1,anomaly
22.534757744983477,label_5,anomaly
23.512244206179183,label_4,anomaly
20.905303764928924,label_5,anomaly
21.05400654823919,label_4,anomaly
21.584366291240332,label_5,anomaly
20.267255728362848,label_4,anomaly
20.755908852855995,label_5,anomaly
22.144786852235164,label_4,anomaly
19.68919300738086,label_5,anomaly
19.30132124438249,label_4,anomaly
20.404497605600206,label_5,anomaly
21.373112187962167,label_4,anomaly
19.275098190624856,label_5,anomaly
19.28388064016374,label_7,anomaly
20.0516079816802,label_4,anomaly
21.815746358975126,label_5,anomaly
18.374630256602167,label_1,anomaly
20.555836538319745,label_1,anomaly
22.668864244498486,label_1,anomaly
19.729227978319216,label_5,anomaly
19.88677616195886,label_7,anomaly
17.8639728105897,label_5,anomaly
18.707816107804902,label_4,anomaly
18.744192586282004,label_5,anomaly
19.093337549338262,label_4,anomaly
18.693715915445026,label_7,anomaly
18.808656713581662,label_5,anomaly
18.914845190940007,label_7,anomaly
19.126166069483904,label_4,anomaly
20.020983313338075,label_5,anomaly
19.30864407213592,label_4,anomaly
20.028100703894435,label_4,anomaly
18.529226780613563,label_7,anomaly
18.786466464685624,label_5,anomaly
20.00754316441698,label_7,anomaly
18.494681258654875,label_4,anomaly
18.998377937091405,label_5,anomaly
19.22866621178866,label_7,anomaly
19.148347289704784,label_4,anomaly
19.288178065349104,label_5,anomaly
19.919474650006503,label_4,anomaly
21.143510595631728,label_7,anomaly
17.794507634910985,label_5,anomaly
18.866842699999516,label_4,anomaly
18.40062423154244,label_7,anomaly
18.14425116666067,label_5,anomaly
19.3819622344365,label_4,anomaly
19.251563797241097,label_7,anomaly
19.052513511683514,label_5,anomaly
18.76537317633208,label_5,anomaly
17.869330965623263,label_5,anomaly
18.749654629807456,label_2,anomaly
18.164076074861267,label_5,anomaly
20.551179303364144,label_5,anomaly
20.12510398658047,label_2,anomaly
18.585014426265804,label_2,anomaly
18.25488093540751,label_2,anomaly
19.102962971726065,label_7,anomaly
18.720061967154486,label_2,anomaly
21.23124045370148,label_1,anomaly
18.209250304017605,label_2,anomaly
19.687573853556184,label_1,anomaly
19.314492180509674,label_5,anomaly
19.617523800384504,label_5,anomaly
17.86829917929254,label_2,anomaly
17.794538564758017,label_4,anomaly
18.08906841657441,label_5,anomaly
19.331658689000808,label_4,anomaly
19.708950929825562,label_5,anomaly
19.840202426002413,label_5,anomaly
18.450545337191127,label_4,anomaly
18.98239091275706,label_5,anomaly
19.514507506982596,label_4,anomaly
18.1218555521621,label_4,anomaly
20.191588904788745,label_5,anomaly
20.75446725448679,label_4,anomaly
19.033712451124746,label_5,anomaly
18.57677233140556,label_2,anomaly
18.362212018290673,label_5,anomaly
17.630520583313245,label_2,anomaly
17.46126872304673,label_4,anomaly
19.020229251033555,label_5,anomaly
19.34422752728332,label_4,anomaly
17.262587071513607,label_10,anomaly
18.31891289129175,label_10,anomaly
20.297215503349896,label_10,anomaly
20.237306849251336,label_10,anomaly
17.77754490624159,label_10,anomaly
18.342967653588598,label_2,anomaly
17.87240014063849,label_10,anomaly
19.68383932317227,label_10,anomaly
17.22412503943649,label_10,anomaly
18.465082133234887,label_10,anomaly
18.32189955076275,label_10,anomaly
19.093915417842446,label_10,anomaly
20.789414931264275,label_10,anomaly
21.096765257984302,label_10,anomaly
18.322117121318428,label_10,anomaly
18.77544040174076,label_10,anomaly
19.4593002711915,label_4,anomaly
22.587346497367484,label_2,anomaly
20.16141992626305,label_4,anomaly
20.70508681676876,label_2,anomaly
22.425673758205594,label_4,anomaly
20.959813818890417,label_10,anomaly
18.99944472829172,label_4,anomaly
21.544865466876978,label_2,anomaly
23.912464222514185,label_4,anomaly
19.23361936438994,label_4,anomaly
19.24407340867702,label_2,anomaly
19.171868004312373,label_4,anomaly
19.953151930169966,label_2,anomaly
18.672533950042382,label_4,anomaly
18.3887513876926,label_2,anomaly
21.405370801030394,label_4,anomaly
19.806538397652687,label_2,anomaly
21.6759530697781,label_4,anomaly
21.425238518339267,label_2,anomaly
19.2050141913114,label_4,anomaly
19.186385767066135,label_2,anomaly
18.441344294749822,label_4,anomaly
19.241696874731822,label_2,anomaly
18.361597839011676,label_4,anomaly
18.393593976675643,label_2,anomaly
17.715629995033407,label_4,anomaly
18.77915684161434,label_2,anomaly
18.19378562311691,label_4,anomaly
19.162561112882035,label_10,anomaly
20.42408618535315,label_10,anomaly
19.38319476838128,label_1,anomaly
19.613330411187214,label_4,anomaly
19.27028340094332,label_2,anomaly
21.770114936209094,label_4,anomaly
21.532737504253376,label_2,anomaly
22.202482622192363,label_4,anomaly
21.13377766762773,label_2,anomaly
22.17058527691648,label_11,anomaly
21.621334762704187,label_1,anomaly
22.017693089511056,label_4,anomaly
22.084448370244033,label_5,anomaly
21.46411607182833,label_4,anomaly
22.321117434261627,label_4,anomaly
20.41258407409731,label_11,anomaly
19.606285774779604,label_5,anomaly
21.2202438192407,label_4,anomaly
21.153893319443682,label_5,anomaly
21.353929786426658,label_4,anomaly
19.862592158045587,label_5,anomaly
19.625862389068008,label_4,anomaly
20.81555056532277,label_4,anomaly
19.468427891886623,label_5,anomaly
19.576652175253255,label_4,anomaly
19.151392964450153,label_2,anomaly
18.970390446472425,label_4,anomaly
21.012203254364206,label_11,anomaly
17.292253273002643,label_1,anomaly
19.894490286374236,label_4,anomaly
17.918634765311406,label_1,anomaly
19.63417681290709,label_4,anomaly
18.219258420315004,label_4,anomaly
22.68122710541557,label_4,anomaly
20.008109482466818,label_2,anomaly
19.897656118317535,label_4,anomaly
20.338253363882068,label_2,anomaly
22.437380195713903,label_4,anomaly
20.898130356152645,label_2,anomaly
19.87163463823804,label_4,anomaly
18.018754842453184,label_4,anomaly
17.858863636364088,label_2,anomaly
19.545801317672126,label_11,anomaly
17.825134333137303,label_7,anomaly
18.075802669202883,label_11,anomaly
18.075802669202883,label_7,anomaly
19.03397217446815,label_10,anomaly
17.10540299403508,label_7,anomaly
17.887217722115455,label_7,anomaly
19.127575449052152,label_10,anomaly
19.184480326985614,label_10,anomaly
17.79939972993414,label_7,anomaly
17.61470350164869,label_5,anomaly
22.118013964194425,label_4,anomaly
20.13095017970839,label_1,anomaly
23.16897063615292,label_4,anomaly
17.777555913040448,label_5,anomaly
16.68194561652821,label_2,anomaly
19.13125357875596,label_4,anomaly
18.791445599845698,label_4,anomaly
17.815002349489323,label_5,anomaly
19.55669351936799,label_5,anomaly
19.823312915052618,label_1,anomaly
19.028696626669877,label_4,anomaly
24.83382914220157,label_1,anomaly
19.743986037448547,label_4,anomaly
17.417952567310618,label_2,anomaly
17.8088843101474,label_4,anomaly
16.809733092021144,label_1,anomaly
21.033188557215034,label_4,anomaly
18.298250512506662,label_4,anomaly
19.733847198667835,label_2,anomaly
17.487620014517024,label_5,anomaly
17.58028284110139,label_4,anomaly
17.853114644757635,label_2,anomaly
18.653684254085174,label_4,anomaly
18.144856706021084,label_5,anomaly
20.31673862369912,label_4,anomaly
17.213065327288096,label_4,anomaly
17.737673463672074,label_2,anomaly
17.646582534536893,label_4,anomaly
17.67157259485778,label_5,anomaly
19.45216966025736,label_4,anomaly
24.579484522672608,label_4,anomaly
18.71204437016666,label_5,anomaly
18.541587218416044,label_4,anomaly
18.178459029161665,label_5,anomaly
19.97137946871117,label_4,anomaly
18.171942744740413,label_4,anomaly
18.127379855450684,label_2,anomaly
17.05712192125042,label_4,anomaly
18.07084951340085,label_5,anomaly
18.15174495616758,label_4,anomaly
18.700115020043,label_5,anomaly
18.94888878275768,label_4,anomaly
17.989408759896886,label_2,anomaly
22.413544945172795,label_1,anomaly
21.385722452314027,label_5,anomaly
18.161412622175476,label_5,anomaly
18.34436801933932,label_5,anomaly
19.26618213099807,label_4,anomaly
19.395145663713727,label_4,anomaly
18.283835946334,label_2,anomaly
17.479229855378584,label_4,anomaly
18.665287460440307,label_1,anomaly
19.178803614837182,label_4,anomaly
18.872693387018046,label_1,anomaly
23.848790284568462,label_4,anomaly
23.84950871582625,label_2,anomaly
17.635546115200757,label_4,anomaly
17.808637788269532,label_2,anomaly
18.21847548651785,label_4,anomaly
18.668066141939324,label_2,anomaly
19.81370990344168,label_4,anomaly
18.65683196262174,label_1,anomaly
19.288614824440238,label_4,anomaly
18.094761395290007,label_4,anomaly
18.65183948745611,label_2,anomaly
18.35376120028972,label_4,anomaly
18.81104120277152,label_2,anomaly
21.01087840204016,label_1,anomaly
18.62800318505391,label_2,anomaly
18.495775507159312,label_4,anomaly
20.28046794045999,label_4,anomaly
19.263797438024206,label_2,anomaly
19.225840013843435,label_4,anomaly
19.177143357646123,label_1,anomaly
19.438236770110503,label_4,anomaly
19.868649365868947,label_1,anomaly
20.104079005474624,label_4,anomaly
18.45294391793176,label_2,anomaly
20.13772171977714,label_4,anomaly
19.928678532263504,label_2,anomaly
19.05816169651076,label_4,anomaly
19.052762470253,label_2,anomaly
19.01239300669765,label_4,anomaly
18.58339599728929,label_2,anomaly
17.938293138997974,label_4,anomaly
17.689923637804636,label_2,anomaly
18.149019520738324,label_4,anomaly
18.076718414134042,label_2,anomaly
19.766027707287154,label_4,anomaly
20.943057326416415,label_4,anomaly
20.573478432352427,label_2,anomaly
20.47199206189999,label_4,anomaly
22.126635674745593,label_5,anomaly
22.91108035782195,label_4,anomaly
20.281355966466062,label_5,anomaly
20.528106537777827,label_4,anomaly
20.22155797691575,label_5,anomaly
22.13455349490923,label_4,anomaly
19.390402009141898,label_2,anomaly
18.553291280517456,label_5,anomaly
19.861481058531037,label_4,anomaly
20.025313000478008,label_4,anomaly
20.33983213892719,label_2,anomaly
19.81841517520216,label_4,anomaly
19.553252591794852,label_4,anomaly
19.62134221667648,label_2,anomaly
20.58140971818835,label_4,anomaly
19.823501884132067,label_2,anomaly
19.63796320121701,label_5,anomaly
21.084831354896327,label_4,anomaly
18.737888448852793,label_5,anomaly
20.756322427064383,label_4,anomaly
18.924258127335097,label_5,anomaly
19.9511415059413,label_4,anomaly
20.68531372116203,label_5,anomaly
21.118784539885233,label_4,anomaly
18.725078837146928,label_4,anomaly
19.449915435235436,label_4,anomaly
19.361448824311797,label_2,anomaly
19.285347984541286,label_4,anomaly
20.58895835201871,label_4,anomaly
20.155759766309632,label_2,anomaly
19.825435903226246,label_1,anomaly
19.623689669803895,label_4,anomaly
19.598444584072677,label_2,anomaly
20.4912011939294,label_4,anomaly
20.052716120404117,label_5,anomaly
21.155987664457456,label_4,anomaly
19.779439771714973,label_5,anomaly
20.18243251618059,label_4,anomaly
19.736507204304285,label_5,anomaly
21.41839416444068,label_4,anomaly
18.879559907580294,label_4,anomaly
19.84926698540149,label_2,anomaly
20.14936700356163,label_4,anomaly
16.86571317027499,label_4,anomaly
18.272383544585782,label_4,anomaly
16.402312692684802,label_5,anomaly
16.900568307097995,label_2,anomaly
16.258384296913086,label_5,anomaly
18.767037038200304,label_4,anomaly
17.90206302435777,label_5,anomaly
17.377054640270728,label_2,anomaly
19.19814455834279,label_4,anomaly
19.622461894852446,label_4,anomaly
18.621257766064453,label_2,anomaly
17.924549136261252,label_4,anomaly
18.432972760808845,label_2,anomaly
19.325334654092245,label_4,anomaly
21.09936415391235,label_2,anomaly
19.246978389828115,label_4,anomaly
21.897154307211018,label_4,anomaly
21.516621081828976,label_5,anomaly
21.151457972581447,label_4,anomaly
22.1553274482595,label_5,anomaly
20.89089738156867,label_4,anomaly
21.954731817798887,label_5,anomaly
22.402275978228534,label_4,anomaly
22.89263718087453,label_1,anomaly
22.1237541362686,label_4,anomaly
18.317979917946293,label_4,anomaly
21.860052739356775,label_4,anomaly
21.285786115782894,label_4,anomaly
23.096090216675012,label_4,anomaly
17.23287193350804,label_4,anomaly
21.34455837212591,label_4,anomaly
22.028804392752313,label_4,anomaly
18.191469848891245,label_2,anomaly
18.792470753015184,label_4,anomaly
17.91145586946998,label_6,anomaly
21.989869809124148,label_4,anomaly
19.855826916508384,label_4,anomaly
22.401959348470907,label_4,anomaly
20.456125646095387,label_4,anomaly
19.05222046557002,label_4,anomaly
19.284482549470003,label_2,anomaly
16.047875534109725,label_2,anomaly
18.465672853885383,label_7,anomaly
20.16874852970678,label_11,anomaly
18.39256322162862,label_11,anomaly
18.205196506788052,label_7,anomaly
16.33595229568986,label_7,anomaly
15.407982230204833,label_7,anomaly
16.440325498557918,label_7,anomaly
16.60517409934813,label_7,anomaly
18.768136161791702,label_4,anomaly
18.590737557450428,label_4,anomaly
18.148836326282993,label_4,anomaly
20.36063767820823,label_4,anomaly
16.586048792698247,label_2,anomaly
16.26457709727956,label_7,anomaly
16.370533194881997,label_7,anomaly
16.233826993870398,label_7,anomaly
17.430278448473906,label_4,anomaly
18.12651086219309,label_4,anomaly
20.744550071545497,label_4,anomaly
19.902017183047327,label_4,anomaly
17.32666052304733,label_4,anomaly
18.159233770310866,label_4,anomaly
20.91874040778372,label_4,anomaly
20.101914850596117,label_6,anomaly
19.916405023314557,label_7,anomaly
23.22594112604711,label_4,anomaly
19.794361800213572,label_1,anomaly
20.987167364740532,label_4,anomaly
17.36457739243495,label_4,anomaly
22.032478960055695,label_4,anomaly
21.69788466981757,label_1,anomaly
22.12414348344463,label_4,anomaly
17.428954078936552,label_1,anomaly
27.069024956465046,label_1,anomaly
22.485360080957296,label_4,anomaly
17.811440258569657,label_11,anomaly
22.161600261055348,label_11,anomaly
19.362790848246703,label_11,anomaly
20.19248102036938,label_11,anomaly
19.11221074066672,label_11,anomaly
15.67026248562473,label_11,anomaly
17.880657916092368,label_11,anomaly
16.330242854606915,label_11,anomaly
20.129180553725842,label_11,anomaly
20.782833416250043,label_11,anomaly
16.95156377410327,label_11,anomaly
18.2054483825554,label_11,anomaly
24.00913620568239,label_11,anomaly
24.532428211655315,label_11,anomaly
26.123496544355802,label_11,anomaly
