start,end,poi,ground,label_anon
2021-02-25 07:03:50,2021-02-25 07:06:22,"4240,4250",asphalt,label_0
2021-02-25 07:06:06,2021-02-25 07:08:00,"4220, 4230, 4240, 4250 ,4260",asphalt,label_1
2021-02-25 06:54:39,2021-02-25 07:06:06,"4220, 4230, 4240, 4250 ,4260",asphalt,label_2
2021-02-25 07:06:35,2021-02-25 07:07:21,"4240,4250",asphalt,label_0
2021-02-25 07:07:35,2021-02-25 07:12:30,"4240,4250",asphalt,label_0
2021-02-25 07:09:51,2021-02-25 07:10:10,4240,asphalt,label_3
2021-02-25 07:10:10,2021-02-25 07:11:33,4240,asphalt,label_3
2021-02-25 07:12:30,2021-02-25 07:18:43,4240,asphalt,label_3
2021-02-25 07:13:56,2021-02-25 07:18:34,4240,asphalt,label_0
2021-02-25 07:08:00,2021-02-25 07:14:33,"4220, 4230, 4240, 4250 ,4260",asphalt,label_2
2021-02-25 07:14:33,2021-02-25 07:14:43,"4220, 4230, 4240, 4250 ,4260",asphalt,label_1
2021-02-25 07:14:43,2021-02-25 07:15:08,"4220, 4230, 4240, 4250 ,4260",asphalt,label_4
2021-02-25 07:15:08,2021-02-25 07:15:25,"4220, 4230, 4240, 4250 ,4260",asphalt,label_1
2021-02-25 07:15:25,2021-02-25 07:16:16,"4220, 4230, 4240, 4250 ,4260",asphalt,label_4
2021-02-25 07:16:16,2021-02-25 07:16:37,"4220, 4230, 4240, 4250 ,4260",asphalt,label_2
2021-02-25 07:16:37,2021-02-25 07:17:05,"4220, 4230, 4240, 4250 ,4260",asphalt,label_4
2021-02-25 07:17:05,2021-02-25 07:18:06,"4220, 4230, 4240, 4250 ,4260",asphalt,label_2
2021-02-25 07:18:08,2021-02-25 07:19:04,"4220, 4230, 4240, 4250 ,4260",asphalt,label_4
2021-02-25 07:19:04,2021-02-25 07:40:24,"4220, 4230, 4240, 4250 ,4260",asphalt,label_2
2021-02-25 07:16:43,2021-02-25 07:22:08,4240,asphalt,label_3
2021-02-25 07:22:20,2021-02-25 07:23:51,4240,asphalt,label_0
2021-02-25 07:44:52,2021-02-25 07:45:00,"4220, 4230, 4240, 4250 ,4260",asphalt,label_5
2021-02-25 07:45:07,2021-02-25 07:45:18,"4220, 4230, 4240, 4250 ,4260",asphalt,label_5
2021-02-25 07:45:07,2021-02-25 07:45:18,"4220, 4230, 4240, 4250 ,4260",asphalt,label_5
2021-02-25 07:45:26,2021-02-25 07:45:41,"4220, 4230, 4240, 4250 ,4260",asphalt,label_5
2021-02-25 07:45:46,2021-02-25 07:45:55,"4220, 4230, 4240, 4250 ,4260",asphalt,label_5
2021-02-25 07:46:04,2021-02-25 07:46:31,"4220, 4230, 4240, 4250 ,4260",asphalt,label_5
2021-02-25 07:46:36,2021-02-25 07:46:45,"4220, 4230, 4240, 4250 ,4260",asphalt,label_1
2021-02-25 07:47:04,2021-02-25 07:47:07,"4220, 4230, 4240, 4250 ,4260",asphalt,label_1
2021-02-25 07:46:51,2021-02-25 07:47:02,"4220, 4230, 4240, 4250 ,4260",asphalt,label_5
2021-02-25 07:48:56,2021-02-25 07:49:51,"4220, 4230, 4240, 4250 ,4260",asphalt,label_1
2021-02-25 07:47:17,2021-02-25 07:47:27,"4220, 4230, 4240, 4250 ,4260",asphalt,label_1
2021-02-25 07:47:51,2021-02-25 07:48:56,"4220, 4230, 4240, 4250 ,4260",asphalt,label_5
2021-02-25 07:49:12,2021-02-25 07:49:49,"4220, 4230, 4240, 4250 ,4260",asphalt,label_1
2021-02-25 07:49:51,2021-02-25 07:51:21,"4220, 4230, 4240, 4250 ,4260",asphalt,label_5
2021-02-25 07:50:41,2021-02-25 07:51:05,"4220, 4230, 4240, 4250 ,4260",asphalt,label_2
2021-02-25 07:51:21,2021-02-25 07:51:40,"4220, 4230, 4240, 4250 ,4260",asphalt,label_1
2021-02-25 07:51:40,2021-02-25 07:53:56,"4220, 4230, 4240, 4250 ,4260",asphalt,label_5
2021-02-25 07:53:56,2021-02-25 07:54:27,"4220, 4230, 4240, 4250 ,4260",asphalt,label_1
2021-02-25 07:55:09,2021-02-25 07:56:06,"4220, 4230, 4240, 4250 ,4260",asphalt,label_5
2021-02-25 07:55:12,2021-02-25 07:55:24,"4220, 4230, 4240, 4250 ,4260",asphalt,label_1
2021-02-25 07:55:55,2021-02-25 07:56:11,"4220, 4230, 4240, 4250 ,4260",asphalt,label_1
2021-02-25 07:56:17,2021-02-25 07:57:47,"4220, 4230, 4240, 4250 ,4260",asphalt,label_2
2021-02-25 07:57:00,2021-02-25 08:06:00,"4220, 4230, 4240, 4250 ,4260",asphalt,label_5
2021-02-25 08:10:40,2021-02-25 08:22:31,"4220, 4230, 4240, 4250 ,4260",hard soil,label_5
2021-02-25 08:11:56,2021-02-25 08:12:22,"4220, 4230, 4240, 4250 ,4260",asphalt,label_1
2021-02-25 08:10:40,2021-02-25 08:22:31,4240,hard soil,label_6
2021-02-25 08:41:06,2021-02-25 08:41:13,"4220, 4230, 4240, 4250 ,4260",asphalt,label_1
2021-02-25 08:41:10,2021-02-25 08:46:10,"4220, 4230, 4240, 4250 ,4260",soft soil,label_5
2021-02-25 08:46:18,2021-02-25 08:53:40,"4220, 4230, 4240, 4250 ,4260",soft soil,label_2
2021-02-25 08:48:15,2021-02-25 08:50:20,4240,soft soil,label_7
2021-02-25 08:50:25,2021-02-25 08:50:43,4240,pipe,label_7
2021-02-25 08:50:43,2021-02-25 08:53:07,4240,asphalt,label_7
2021-02-25 08:53:10,2021-02-25 08:53:13,4240,pipe,label_7
2021-02-25 08:53:19,2021-02-25 08:53:22,4240,pipe,label_7
2021-02-25 08:53:59,2021-02-25 08:55:27,4240,soft soil,label_7
2021-02-25 08:53:40,2021-02-25 08:54:40,"4220, 4230, 4240, 4250 ,4260",hard soil,label_4
2021-02-25 08:54:40,2021-02-25 09:10:20,"4220, 4230, 4240, 4250 ,4260",soft soil,label_2
2021-02-25 09:03:46,2021-02-25 09:05:08,4240,soft soil,label_7
2021-02-25 09:13:00,2021-02-25 09:21:29,4220,asphalt,label_6
2021-02-25 09:10:20,2021-02-25 09:14:00,"4220, 4230, 4240, 4250 ,4260",asphalt,label_2
2021-02-25 09:14:00,2021-02-25 09:15:00,"4220, 4230, 4240, 4250 ,4260",soft soil,label_5
2021-02-25 09:15:00,2021-02-25 09:15:20,"4220, 4230, 4240, 4250 ,4260",soft soil,label_2
2021-02-25 09:15:20,2021-02-25 09:21:29,"4220, 4230, 4240, 4250 ,4260",soft soil,label_5
2021-02-25 09:21:29,2021-02-25 09:24:35,"4220, 4230, 4240, 4250 ,4260",soft soil,label_5
2021-02-25 09:24:35,2021-02-25 09:25:00,"4220, 4230, 4240, 4250 ,4260",asphalt,label_4
2021-02-25 09:25:00,2021-02-25 09:26:21,"4220, 4230, 4240, 4250 ,4260",soft soil,label_2
2021-02-25 09:24:45,2021-02-25 09:26:20,4240,soft soil,label_7
2021-02-25 09:26:26,2021-02-25 09:26:38,"4220, 4230, 4240, 4250 ,4260",soft soil,label_5
2021-02-25 09:27:09,2021-02-25 09:27:34,"4220, 4230, 4240, 4250 ,4260",soft soil,label_5
2021-02-25 09:28:05,2021-02-25 09:28:35,4240,soft soil,label_7
2021-02-25 09:28:40,2021-02-25 09:29:00,"4220, 4230, 4240, 4250 ,4260",soft soil,label_5
2021-02-25 09:29:01,2021-02-25 09:30:52,4240,soft soil,label_7
2021-02-25 09:32:00,2021-02-25 09:32:18,"4220, 4230, 4240, 4250 ,4260",soft soil,label_5
2021-02-25 09:32:57,2021-02-25 09:33:11,"4220, 4230, 4240, 4250 ,4260",soft soil,label_5
2021-02-25 09:33:40,2021-02-25 09:34:18,"4220, 4230, 4240, 4250 ,4260",soft soil,label_5
2021-02-25 09:34:35,2021-02-25 09:34:53,"4220, 4230, 4240, 4250 ,4260",soft soil,label_5
2021-02-25 09:34:58,2021-02-25 09:35:10,"4220, 4230, 4240, 4250 ,4260",soft soil,label_5
2021-02-25 09:35:34,2021-02-25 09:35:54,"4220, 4230, 4240, 4250 ,4260",soft soil,label_5
2021-02-25 09:35:55,2021-02-25 09:36:10,"4220, 4230, 4240, 4250 ,4260",soft soil,label_5
2021-02-25 09:36:10,2021-02-25 09:36:53,"4220, 4230, 4240, 4250 ,4260",asphalt,label_4
2021-02-25 09:36:53,2021-02-25 09:37:00,"4220, 4230, 4240, 4250 ,4260",asphalt,label_1
2021-02-25 09:37:10,2021-02-25 09:40:47,"4220, 4230, 4240, 4250 ,4260",asphalt,label_2
2021-02-25 09:36:12,2021-02-25 09:38:12,4240,soft soil,label_7
2021-02-25 09:38:41,2021-02-25 09:39:23,4240,soft soil,label_7
2021-02-25 09:39:41,2021-02-25 09:40:50,4240,soft soil,label_7
2021-02-25 09:40:57,2021-02-25 09:41:31,"4220, 4230, 4240, 4250 ,4260",soft soil,label_5
2021-02-25 09:41:44,2021-02-25 09:43:24,4240,soft soil,label_7
2021-02-25 09:53:47,2021-02-25 09:54:04,"4220, 4230, 4240, 4250 ,4260",soft soil,label_5
2021-02-25 09:52:51,2021-02-25 09:53:47,"4220, 4230, 4240, 4250 ,4260",asphalt,label_4
2021-02-25 09:41:42,2021-02-25 09:52:51,"4220, 4230, 4240, 4250 ,4260",asphalt,label_2
2021-02-25 09:54:28,2021-02-25 09:54:38,"4220, 4230, 4240, 4250 ,4260",soft soil,label_5
2021-02-25 09:54:38,2021-02-25 09:56:18,"4220, 4230, 4240, 4250 ,4260",asphalt,label_4
2021-02-25 09:55:18,2021-02-25 09:56:01,4240,soft soil,label_7
2021-02-25 09:56:18,2021-02-25 09:56:52,"4220, 4230, 4240, 4250 ,4260",soft soil,label_5
2021-02-25 09:56:52,2021-02-25 09:57:17,"4220, 4230, 4240, 4250 ,4260",asphalt,label_4
2021-02-25 09:57:17,2021-02-25 09:57:36,"4220, 4230, 4240, 4250 ,4260",soft soil,label_5
2021-02-25 09:57:36,2021-02-25 09:58:00,"4220, 4230, 4240, 4250 ,4260",asphalt,label_4
2021-02-25 09:58:00,2021-02-25 09:58:14,"4220, 4230, 4240, 4250 ,4260",soft soil,label_5
2021-02-25 09:58:14,2021-02-25 09:58:41,"4220, 4230, 4240, 4250 ,4260",asphalt,label_4
2021-02-25 09:58:41,2021-02-25 09:58:57,"4220, 4230, 4240, 4250 ,4260",soft soil,label_5
2021-02-25 09:59:14,2021-02-25 09:59:33,"4220, 4230, 4240, 4250 ,4260",asphalt,label_4
2021-02-25 09:59:33,2021-02-25 09:59:48,"4220, 4230, 4240, 4250 ,4260",asphalt,label_2
2021-02-25 09:59:48,2021-02-25 10:00:00,"4220, 4230, 4240, 4250 ,4260",asphalt,label_4
2021-02-25 09:59:01,2021-02-25 10:00:55,4240,soft soil,label_7
2021-02-25 10:01:40,2021-02-25 10:03:12,4240,soft soil,label_7
2021-02-25 10:00:00,2021-02-25 10:01:02,"4220, 4230, 4240, 4250 ,4260",asphalt,label_2
2021-02-25 10:01:02,2021-02-25 10:01:24,"4220, 4230, 4240, 4250 ,4260",asphalt,label_4
2021-02-25 10:01:24,2021-02-25 10:02:47,"4220, 4230, 4240, 4250 ,4260",asphalt,label_2
2021-02-25 10:02:47,2021-02-25 10:03:00,"4220, 4230, 4240, 4250 ,4260",asphalt,label_1
2021-02-25 10:04:10,2021-02-25 10:04:56,"4220, 4230, 4240, 4250 ,4260",asphalt,label_2
2021-02-25 10:04:56,2021-02-25 10:05:11,"4220, 4230, 4240, 4250 ,4260",asphalt,label_1
2021-02-25 10:05:30,2021-02-25 10:05:58,"4220, 4230, 4240, 4250 ,4260",soft soil,label_5
2021-02-25 10:05:58,2021-02-25 10:06:23,"4220, 4230, 4240, 4250 ,4260",asphalt,label_4
2021-02-25 10:06:23,2021-02-25 10:06:43,"4220, 4230, 4240, 4250 ,4260",soft soil,label_5
2021-02-25 10:06:43,2021-02-25 10:07:20,"4220, 4230, 4240, 4250 ,4260",asphalt,label_4
2021-02-25 10:07:20,2021-02-25 10:07:35,"4220, 4230, 4240, 4250 ,4260",soft soil,label_5
2021-02-25 10:07:35,2021-02-25 10:08:02,"4220, 4230, 4240, 4250 ,4260",asphalt,label_4
2021-02-25 10:08:02,2021-02-25 10:08:23,"4220, 4230, 4240, 4250 ,4260",soft soil,label_5
2021-02-25 10:08:23,2021-02-25 10:08:46,"4220, 4230, 4240, 4250 ,4260",asphalt,label_4
2021-02-25 10:08:46,2021-02-25 10:09:11,"4220, 4230, 4240, 4250 ,4260",soft soil,label_5
2021-02-25 10:09:11,2021-02-25 10:09:34,"4220, 4230, 4240, 4250 ,4260",asphalt,label_4
2021-02-25 10:09:34,2021-02-25 10:09:54,"4220, 4230, 4240, 4250 ,4260",soft soil,label_5
2021-02-25 10:09:54,2021-02-25 10:10:22,"4220, 4230, 4240, 4250 ,4260",asphalt,label_4
2021-02-25 10:10:22,2021-02-25 10:10:49,"4220, 4230, 4240, 4250 ,4260",soft soil,label_5
2021-02-25 10:10:49,2021-02-25 10:11:22,"4220, 4230, 4240, 4250 ,4260",asphalt,label_4
2021-02-25 10:11:22,2021-02-25 10:13:59,"4220, 4230, 4240, 4250 ,4260",asphalt,label_2
2021-02-25 10:14:20,2021-02-25 10:17:18,"4220, 4230, 4240, 4250 ,4260",soft soil,label_4
2021-02-25 10:30:07,2021-02-25 10:30:13,"4220, 4230, 4240, 4250 ,4260",asphalt,label_1
2021-02-25 10:30:20,2021-02-25 10:38:59,"4220, 4230, 4240, 4250 ,4260",asphalt,label_2
2021-02-25 10:31:11,2021-02-25 10:33:15,"4230, 4240, 4250",asphalt,label_0
2021-02-25 10:33:24,2021-02-25 10:33:35,"4230, 4240, 4250",asphalt,label_0
2021-02-25 10:33:39,2021-02-25 10:38:25,"4230, 4240, 4250",asphalt,label_0
2021-02-25 10:39:03,2021-02-25 10:39:16,"4220, 4230, 4240, 4250 ,4260",asphalt,label_1
2021-02-25 10:40:50,2021-02-25 10:40:59,"4220, 4230, 4240, 4250 ,4260",asphalt,label_1
2021-02-25 10:42:39,2021-02-25 10:55:21,"4220, 4230, 4240, 4250 ,4260",asphalt,label_2
2021-02-25 10:55:55,2021-02-25 10:56:25,"4220, 4230, 4240, 4250 ,4260",asphalt,label_4
2021-02-25 10:56:25,2021-02-25 10:56:50,"4220, 4230, 4240, 4250 ,4260",asphalt,label_4
2021-02-25 10:58:35,2021-02-25 10:58:47,"4220, 4230, 4240, 4250 ,4260",asphalt,label_1
2021-02-25 11:37:40,2021-02-25 11:44:03,"4220, 4230, 4240, 4250 ,4260",asphalt,label_2
2021-02-25 11:44:35,2021-02-25 11:44:54,"4220, 4230, 4240, 4250 ,4260",soft soil,label_5
2021-02-25 11:44:54,2021-02-25 11:45:10,"4220, 4230, 4240, 4250 ,4260",asphalt,label_4
2021-02-25 11:45:10,2021-02-25 11:45:35,"4220, 4230, 4240, 4250 ,4260",soft soil,label_5
2021-02-25 11:45:35,2021-02-25 11:45:50,"4220, 4230, 4240, 4250 ,4260",asphalt,label_4
2021-02-25 11:45:50,2021-02-25 11:46:00,"4220, 4230, 4240, 4250 ,4260",soft soil,label_5
2021-02-25 11:46:00,2021-02-25 11:46:35,"4220, 4230, 4240, 4250 ,4260",asphalt,label_4
2021-02-25 11:46:35,2021-02-25 11:47:01,"4220, 4230, 4240, 4250 ,4260",soft soil,label_5
2021-02-25 11:47:01,2021-02-25 11:47:16,"4220, 4230, 4240, 4250 ,4260",asphalt,label_4
2021-02-25 11:47:16,2021-02-25 11:48:07,"4220, 4230, 4240, 4250 ,4260",soft soil,label_5
2021-02-25 11:48:07,2021-02-25 11:48:22,"4220, 4230, 4240, 4250 ,4260",asphalt,label_4
2021-02-25 11:48:22,2021-02-25 11:48:57,"4220, 4230, 4240, 4250 ,4260",soft soil,label_5
2021-02-25 11:48:57,2021-02-25 11:49:22,"4220, 4230, 4240, 4250 ,4260",asphalt,label_4
2021-02-25 11:49:22,2021-02-25 11:49:32,"4220, 4230, 4240, 4250 ,4260",soft soil,label_5
2021-02-25 11:49:02,2021-02-25 11:49:07,4240,pipe,label_7
2021-02-25 11:49:02,2021-02-25 11:49:50,"4220, 4230, 4240, 4250 ,4260",pipe,label_4
2021-02-25 11:49:50,2021-02-25 11:50:30,"4220, 4230, 4240, 4250 ,4260",soft soil,label_5
2021-02-25 11:50:45,2021-02-25 11:53:41,4240,soft soil,label_7
2021-02-25 11:51:14,2021-02-25 11:51:23,"4220, 4230, 4240, 4250 ,4260",asphalt,label_1
2021-02-25 11:52:20,2021-02-25 11:52:31,"4220, 4230, 4240, 4250 ,4260",asphalt,label_1
2021-02-25 11:53:19,2021-02-25 11:53:39,"4220, 4230, 4240, 4250 ,4260",asphalt,label_1
2021-02-25 11:53:54,2021-02-25 11:54:03,"4220, 4230, 4240, 4250 ,4260",soft soil,label_5
2021-02-25 11:54:43,2021-02-25 11:57:25,"4220, 4230, 4240, 4250 ,4260",asphalt,label_2
2021-02-25 11:54:12,2021-02-25 11:54:39,4240,soft soil,label_7
2021-02-25 11:57:33,2021-02-25 11:57:58,"4220, 4230, 4240, 4250 ,4260",soft soil,label_5
2021-02-25 11:57:58,2021-02-25 11:58:44,"4220, 4230, 4240, 4250 ,4260",asphalt,label_4
2021-02-25 11:58:44,2021-02-25 11:59:00,"4220, 4230, 4240, 4250 ,4260",soft soil,label_5
2021-02-25 11:59:00,2021-02-25 11:59:35,"4220, 4230, 4240, 4250 ,4260",asphalt,label_4
2021-02-25 11:59:14,2021-02-25 11:59:30,4240,soft soil,label_7
2021-02-25 11:59:35,2021-02-25 12:00:30,"4220, 4230, 4240, 4250 ,4260",soft soil,label_5
2021-02-25 12:00:34,2021-02-25 12:00:53,4240,soft soil,label_7
2021-02-25 12:00:30,2021-02-25 12:01:21,"4220, 4230, 4240, 4250 ,4260",asphalt,label_4
2021-02-25 12:01:21,2021-02-25 12:02:51,"4220, 4230, 4240, 4250 ,4260",soft soil,label_5
2021-02-25 12:02:51,2021-02-25 12:03:20,"4220, 4230, 4240, 4250 ,4260",asphalt,label_4
2021-02-25 12:03:37,2021-02-25 12:04:18,"4220, 4230, 4240, 4250 ,4260",asphalt,label_4
2021-02-25 12:03:20,2021-02-25 12:05:38,"4220, 4230, 4240, 4250 ,4260",soft soil,label_5
2021-02-25 12:04:55,2021-02-25 12:05:10,4240,soft soil,label_7
2021-02-25 12:05:38,2021-02-25 12:05:55,"4220, 4230, 4240, 4250 ,4260",soft soil,label_5
2021-02-25 12:06:05,2021-02-25 12:06:29,4240,soft soil,label_7
2021-02-25 12:05:55,2021-02-25 12:07:08,"4220, 4230, 4240, 4250 ,4260",asphalt,label_4
2021-02-25 12:07:08,2021-02-25 12:07:29,"4220, 4230, 4240, 4250 ,4260",soft soil,label_5
2021-02-25 12:07:31,2021-02-25 12:08:00,4240,soft soil,label_7
2021-02-25 12:07:29,2021-02-25 12:08:15,"4220, 4230, 4240, 4250 ,4260",asphalt,label_4
2021-02-25 12:08:15,2021-02-25 12:08:25,"4220, 4230, 4240, 4250 ,4260",soft soil,label_5
2021-02-25 12:08:25,2021-02-25 12:09:28,"4220, 4230, 4240, 4250 ,4260",asphalt,label_4
2021-02-25 12:08:57,2021-02-25 12:09:25,4240,soft soil,label_7
2021-02-25 12:09:28,2021-02-25 12:09:38,"4220, 4230, 4240, 4250 ,4260",soft soil,label_5
2021-02-25 12:09:38,2021-02-25 12:10:18,"4220, 4230, 4240, 4250 ,4260",asphalt,label_4
2021-02-25 12:09:47,2021-02-25 12:10:05,4240,soft soil,label_7
2021-02-25 12:10:18,2021-02-25 12:10:34,"4220, 4230, 4240, 4250 ,4260",soft soil,label_5
2021-02-25 12:10:34,2021-02-25 12:11:06,"4220, 4230, 4240, 4250 ,4260",asphalt,label_4
2021-02-25 12:10:43,2021-02-25 12:11:03,4240,soft soil,label_7
2021-02-25 12:11:06,2021-02-25 12:12:06,"4220, 4230, 4240, 4250 ,4260",soft soil,label_5
2021-02-25 12:12:48,2021-02-25 12:16:13,"4220, 4230, 4240, 4250 ,4260",asphalt,label_2
2021-02-25 12:12:27,2021-02-25 12:16:10,4240,soft soil,label_7
2021-02-25 12:16:33,2021-02-25 12:18:20,"4220, 4230, 4240, 4250 ,4260",soft soil,label_5
2021-02-25 12:18:41,2021-02-25 12:19:07,"4220, 4230, 4240, 4250 ,4260",soft soil,label_5
2021-02-25 12:19:20,2021-02-25 12:20:50,"4220, 4230, 4240, 4250 ,4260",asphalt,label_2
2021-02-25 12:20:02,2021-02-25 12:20:28,"4220, 4230, 4240, 4250 ,4260",soft soil,label_5
2021-02-25 12:20:59,2021-02-25 12:21:09,"4220, 4230, 4240, 4250 ,4260",soft soil,label_5
2021-02-25 12:25:12,2021-02-25 12:25:38,"4220, 4230, 4240, 4250 ,4260",asphalt,label_2
2021-02-25 12:25:50,2021-02-25 12:26:11,"4220, 4230, 4240, 4250 ,4260",asphalt,label_2
2021-02-25 12:26:23,2021-02-25 12:26:57,"4220, 4230, 4240, 4250 ,4260",asphalt,label_2
2021-02-25 12:25:17,2021-02-25 12:26:02,4240,soft soil,label_7
2021-02-25 12:30:45,2021-02-25 12:31:04,"4220, 4230, 4240, 4250 ,4260",asphalt,label_2
2021-02-25 12:32:16,2021-02-25 12:34:50,"4220, 4230, 4240, 4250 ,4260",asphalt,label_4
2021-02-25 12:38:37,2021-02-25 12:38:44,"4220, 4230, 4240, 4250 ,4260",asphalt,label_1
2021-02-25 12:39:20,2021-02-25 12:40:18,"4220, 4230, 4240, 4250 ,4260",asphalt,label_2
2021-02-25 12:40:37,2021-02-25 12:40:47,"4220, 4230, 4240, 4250 ,4260",asphalt,label_1
2021-02-25 12:41:14,2021-02-25 12:41:38,"4220, 4230, 4240, 4250 ,4260",soft soil,label_5
2021-02-25 12:42:54,2021-02-25 12:43:23,"4220, 4230, 4240, 4250 ,4260",soft soil,label_5
2021-02-25 12:43:57,2021-02-25 12:45:50,"4220, 4230, 4240, 4250 ,4260",asphalt,label_2
2021-02-25 12:44:42,2021-02-25 12:58:50,"4220, 4230, 4240",asphalt,label_8
2021-02-25 12:45:54,2021-02-25 12:46:22,"4220, 4230, 4240, 4250 ,4260",asphalt,label_4
2021-02-25 12:46:22,2021-02-25 12:46:38,"4220, 4230, 4240, 4250 ,4260",soft soil,label_5
2021-02-25 12:46:38,2021-02-25 12:47:22,"4220, 4230, 4240, 4250 ,4260",asphalt,label_4
2021-02-25 12:48:09,2021-02-25 12:50:45,"4220, 4230, 4240, 4250 ,4260",asphalt,label_2
2021-02-25 12:47:22,2021-02-25 12:47:40,"4220, 4230, 4240, 4250 ,4260",soft soil,label_5
2021-02-25 12:47:40,2021-02-25 12:51:14,"4220, 4230, 4240, 4250 ,4260",asphalt,label_4
2021-02-25 12:51:14,2021-02-25 12:51:34,"4220, 4230, 4240, 4250 ,4260",soft soil,label_5
2021-02-25 12:51:34,2021-02-25 12:52:50,"4220, 4230, 4240, 4250 ,4260",asphalt,label_4
2021-02-25 12:52:50,2021-02-25 12:53:04,"4220, 4230, 4240, 4250 ,4260",soft soil,label_5
2021-02-25 12:53:04,2021-02-25 12:53:45,"4220, 4230, 4240, 4250 ,4260",asphalt,label_4
2021-02-25 12:53:45,2021-02-25 12:56:03,"4220, 4230, 4240, 4250 ,4260",asphalt,label_2
2021-02-25 12:56:03,2021-02-25 12:56:27,"4220, 4230, 4240, 4250 ,4260",asphalt,label_4
2021-02-25 12:56:27,2021-02-25 12:56:39,"4220, 4230, 4240, 4250 ,4260",soft soil,label_5
2021-02-25 12:56:39,2021-02-25 12:58:12,"4220, 4230, 4240, 4250 ,4260",asphalt,label_4
2021-02-25 12:58:12,2021-02-25 12:58:20,"4220, 4230, 4240, 4250 ,4260",soft soil,label_5
2021-02-25 12:59:25,2021-02-25 12:59:33,"4220, 4230, 4240, 4250 ,4260",asphalt,label_2
2021-02-25 12:59:43,2021-02-25 12:59:56,"4220, 4230, 4240, 4250 ,4260",soft soil,label_5
2021-02-25 13:02:27,2021-02-25 13:02:50,"4210, 4220, 4230, 4240, 4250 ,4260",asphalt,label_2
2021-02-25 13:02:33,2021-02-25 13:11:33,"4210, 4220",asphalt,label_9
2021-02-25 13:02:50,2021-02-25 13:03:00,"4210, 4220, 4230, 4240, 4250 ,4260",asphalt,label_4
2021-02-25 13:03:00,2021-02-25 13:03:14,"4210, 4220, 4230, 4240, 4250 ,4260",soft soil,label_5
2021-02-25 13:03:14,2021-02-25 13:03:52,"4210, 4220, 4230, 4240, 4250 ,4260",asphalt,label_4
2021-02-25 13:03:10,2021-02-25 13:03:20,4240,soft soil,label_10
2021-02-25 13:03:26,2021-02-25 13:03:33,4240,soft soil,label_10
2021-02-25 13:03:41,2021-02-25 13:03:46,4240,soft soil,label_10
2021-02-25 13:03:55,2021-02-25 13:04:13,4240,soft soil,label_10
2021-02-25 13:04:23,2021-02-25 13:04:34,4240,soft soil,label_10
2021-02-25 13:03:52,2021-02-25 13:07:23,4240,soft soil,label_4
2021-02-25 13:07:23,2021-02-25 13:07:36,"4210, 4220, 4230, 4240, 4250 ,4260",asphalt,label_2
2021-02-25 13:07:36,2021-02-25 13:09:55,"4210, 4220, 4230, 4240, 4250 ,4260",asphalt,label_4
2021-02-25 13:04:42,2021-02-25 13:04:50,4240,soft soil,label_10
2021-02-25 13:04:55,2021-02-25 13:05:00,4240,soft soil,label_10
2021-02-25 13:05:05,2021-02-25 13:05:11,4240,soft soil,label_10
2021-02-25 13:05:20,2021-02-25 13:05:46,4240,soft soil,label_10
2021-02-25 13:05:55,2021-02-25 13:06:06,4240,soft soil,label_10
2021-02-25 13:06:12,2021-02-25 13:06:17,4240,soft soil,label_10
2021-02-25 13:06:22,2021-02-25 13:06:39,4240,soft soil,label_10
2021-02-25 13:06:44,2021-02-25 13:07:00,4240,soft soil,label_10
2021-02-25 13:08:40,2021-02-25 13:10:10,4240,soft soil,label_10
2021-02-25 13:07:12,2021-02-25 13:07:45,4240,soft soil,label_10
2021-02-25 13:09:55,2021-02-25 13:10:54,"4210, 4220, 4230, 4240, 4250 ,4260",soft soil,label_4
2021-02-25 13:10:54,2021-02-25 13:11:11,"4210, 4220, 4230, 4240, 4250 ,4260",asphalt,label_2
2021-02-25 13:11:11,2021-02-25 13:11:56,"4210, 4220, 4230, 4240, 4250 ,4260",asphalt,label_4
2021-02-25 13:11:56,2021-02-25 13:12:13,"4210, 4220, 4230, 4240, 4250 ,4260",asphalt,label_2
2021-02-25 13:11:56,2021-02-25 13:13:39,"4210, 4220, 4230, 4240, 4250 ,4260",asphalt,label_4
2021-02-25 13:13:39,2021-02-25 13:16:36,"4230, 4240, 4250",asphalt,label_2
2021-02-25 13:10:36,2021-02-25 13:10:55,4240,soft soil,label_10
2021-02-25 13:12:00,2021-02-25 13:32:00,4240,asphalt,label_9
2021-02-25 13:16:36,2021-02-25 13:16:56,"4210, 4220, 4230, 4240, 4250 ,4260",asphalt,label_4
2021-02-25 13:16:56,2021-02-25 13:18:30,"4210, 4220, 4230, 4240, 4250 ,4260",asphalt,label_2
2021-02-25 13:18:30,2021-02-25 13:18:52,"4210, 4220, 4230, 4240, 4250 ,4260",asphalt,label_4
2021-02-25 13:18:52,2021-02-25 13:23:50,"4210, 4220, 4230, 4240, 4250 ,4260",asphalt,label_2
2021-02-25 13:23:50,2021-02-25 13:24:13,"4210, 4220, 4230, 4240, 4250 ,4260",asphalt,label_4
2021-02-25 13:24:13,2021-02-25 13:24:23,"4210, 4220, 4230, 4240, 4250 ,4260",asphalt,label_2
2021-02-25 13:24:23,2021-02-25 13:24:36,"4210, 4220, 4230, 4240, 4250 ,4260",asphalt,label_4
2021-02-25 13:24:36,2021-02-25 13:25:00,"4210, 4220, 4230, 4240, 4250 ,4260",asphalt,label_2
2021-02-25 13:25:00,2021-02-25 13:25:45,"4210, 4220, 4230, 4240, 4250 ,4260",asphalt,label_4
2021-02-25 13:25:45,2021-02-25 13:26:17,"4210, 4220, 4230, 4240, 4250 ,4260",asphalt,label_2
2021-02-25 13:26:17,2021-02-25 13:26:30,"4210, 4220, 4230, 4240, 4250 ,4260",asphalt,label_4
2021-02-25 13:26:30,2021-02-25 13:26:46,"4210, 4220, 4230, 4240, 4250 ,4260",asphalt,label_2
2021-02-25 13:26:46,2021-02-25 13:27:03,"4210, 4220, 4230, 4240, 4250 ,4260",asphalt,label_4
2021-02-25 13:27:03,2021-02-25 13:27:14,"4210, 4220, 4230, 4240, 4250 ,4260",asphalt,label_2
2021-02-25 13:27:14,2021-02-25 13:27:36,"4210, 4220, 4230, 4240, 4250 ,4260",asphalt,label_4
2021-02-25 13:27:36,2021-02-25 13:28:07,"4210, 4220, 4230, 4240, 4250 ,4260",asphalt,label_2
2021-02-25 13:28:07,2021-02-25 13:28:34,"4210, 4220, 4230, 4240, 4250 ,4260",asphalt,label_4
2021-02-25 13:28:34,2021-02-25 13:28:50,"4210, 4220, 4230, 4240, 4250 ,4260",asphalt,label_2
2021-02-25 13:28:50,2021-02-25 13:30:10,"4210, 4220, 4230, 4240, 4250 ,4260",asphalt,label_4
2021-02-25 13:30:10,2021-02-25 13:30:30,"4210, 4220, 4230, 4240, 4250 ,4260",asphalt,label_2
2021-02-25 13:30:30,2021-02-25 13:31:21,"4210, 4220, 4230, 4240, 4250 ,4260",asphalt,label_4
2021-02-25 13:31:21,2021-02-25 13:31:50,"4210, 4220, 4230, 4240, 4250 ,4260",asphalt,label_2
2021-02-25 13:31:50,2021-02-25 13:32:07,"4210, 4220, 4230, 4240, 4250 ,4260",asphalt,label_4
2021-02-25 13:25:00,2021-02-25 13:25:30,4240,soft soil,label_10
2021-02-25 13:26:00,2021-02-25 13:27:00,4240,soft soil,label_10
2021-02-25 13:32:07,2021-02-25 13:32:11,"4210, 4220, 4230, 4240, 4250 ,4260",asphalt,label_1
2021-02-25 13:32:11,2021-02-25 13:33:10,"4210, 4220, 4230, 4240, 4250 ,4260",asphalt,label_4
2021-02-25 13:33:10,2021-02-25 13:34:08,"4210, 4220, 4230, 4240, 4250 ,4260",asphalt,label_2
2021-02-25 13:34:08,2021-02-25 13:34:32,"4210, 4220, 4230, 4240, 4250 ,4260",asphalt,label_4
2021-02-25 13:34:32,2021-02-25 13:35:06,"4210, 4220, 4230, 4240, 4250 ,4260",asphalt,label_2
2021-02-25 13:35:06,2021-02-25 13:36:11,"4210, 4220, 4230, 4240, 4250 ,4260",asphalt,label_4
2021-02-25 13:37:10,2021-02-25 13:37:22,"4210, 4220, 4230, 4240, 4250 ,4260",asphalt,label_2
2021-02-25 13:32:20,2021-02-25 14:13:39,"4220, 4230, 4240",asphalt,label_8
2021-02-25 13:32:55,2021-02-25 13:36:02,"4210, 4220, 4230, 4240, 4250 ,4260",soft soil,label_11
2021-02-25 13:36:25,2021-02-25 13:36:36,"4210, 4220, 4230, 4240, 4250 ,4260",soft soil,label_11
2021-02-25 13:36:11,2021-02-25 13:36:19,"4210, 4220, 4230, 4240, 4250 ,4260",asphalt,label_1
2021-02-25 13:36:19,2021-02-25 13:36:36,"4210, 4220, 4230, 4240, 4250 ,4260",asphalt,label_4
2021-02-25 13:36:36,2021-02-25 13:36:42,"4210, 4220, 4230, 4240, 4250 ,4260",soft soil,label_5
2021-02-25 13:36:42,2021-02-25 13:37:10,"4210, 4220, 4230, 4240, 4250 ,4260",asphalt,label_4
2021-02-25 13:37:22,2021-02-25 13:37:45,"4210, 4220, 4230, 4240, 4250 ,4260",asphalt,label_4
2021-02-25 13:37:10,2021-02-25 13:37:30,"4210, 4220, 4230, 4240, 4250 ,4260",soft soil,label_11
2021-02-25 13:37:45,2021-02-25 13:40:50,"4210, 4220, 4230, 4240, 4250 ,4260",soft soil,label_11
2021-02-25 13:37:45,2021-02-25 13:37:55,"4210, 4220, 4230, 4240, 4250 ,4260",soft soil,label_5
2021-02-25 13:37:55,2021-02-25 13:38:20,"4210, 4220, 4230, 4240, 4250 ,4260",asphalt,label_4
2021-02-25 13:38:20,2021-02-25 13:38:45,"4210, 4220, 4230, 4240, 4250 ,4260",soft soil,label_5
2021-02-25 13:38:45,2021-02-25 13:39:20,"4210, 4220, 4230, 4240, 4250 ,4260",asphalt,label_4
2021-02-25 13:39:20,2021-02-25 13:39:40,"4210, 4220, 4230, 4240, 4250 ,4260",soft soil,label_5
2021-02-25 13:39:40,2021-02-25 13:40:30,"4210, 4220, 4230, 4240, 4250 ,4260",asphalt,label_4
2021-02-25 13:40:30,2021-02-25 13:42:00,"4210, 4220, 4230, 4240, 4250 ,4260",asphalt,label_4
2021-02-25 13:42:00,2021-02-25 13:42:20,"4210, 4220, 4230, 4240, 4250 ,4260",soft soil,label_5
2021-02-25 13:42:20,2021-02-25 13:43:00,"4210, 4220, 4230, 4240, 4250 ,4260",asphalt,label_4
2021-02-25 13:43:00,2021-02-25 13:43:47,"4210, 4220, 4230, 4240, 4250 ,4260",asphalt,label_2
2021-02-25 13:43:47,2021-02-25 13:45:07,"4210, 4220, 4230, 4240, 4250 ,4260",asphalt,label_4
2021-02-25 13:41:10,2021-02-25 13:42:20,"4210, 4220, 4230, 4240, 4250 ,4260",soft soil,label_11
2021-02-25 13:45:07,2021-02-25 13:45:12,"4210, 4220, 4230, 4240, 4250 ,4260",asphalt,label_1
2021-02-25 13:45:12,2021-02-25 13:45:46,"4210, 4220, 4230, 4240, 4250 ,4260",asphalt,label_4
2021-02-25 13:45:46,2021-02-25 13:45:50,"4210, 4220, 4230, 4240, 4250 ,4260",asphalt,label_1
2021-02-25 13:42:20,2021-02-25 13:45:55,"4210, 4220, 4230, 4240, 4250 ,4260",soft soil,label_11
2021-02-25 13:45:50,2021-02-25 13:46:58,"4210, 4220, 4230, 4240, 4250 ,4260",asphalt,label_4
2021-02-25 13:46:58,2021-02-25 13:56:52,"4210, 4220, 4230, 4240, 4250 ,4260",asphalt,label_2
2021-02-25 13:55:52,2021-02-25 13:56:06,"4210, 4220, 4230, 4240, 4250 ,4260",asphalt,label_4
2021-02-25 13:56:06,2021-02-25 14:04:14,"4210, 4220, 4230, 4240, 4250 ,4260",asphalt,label_2
2021-02-25 14:04:14,2021-02-25 14:05:17,"4210, 4220, 4230, 4240, 4250 ,4260",asphalt,label_4
2021-02-25 14:05:17,2021-02-25 14:06:53,"4210, 4220, 4230, 4240, 4250 ,4260",asphalt,label_2
2021-02-25 14:06:53,2021-02-25 14:07:15,"4210, 4220, 4230, 4240, 4250 ,4260",asphalt,label_4
2021-02-25 14:07:15,2021-02-25 14:08:56,"4210, 4220, 4230, 4240, 4250 ,4260",asphalt,label_2
2021-02-25 14:08:56,2021-02-25 14:09:17,"4210, 4220, 4230, 4240, 4250 ,4260",asphalt,label_4
2021-02-25 14:09:17,2021-02-25 14:10:00,"4210, 4220, 4230, 4240, 4250 ,4260",asphalt,label_2
2021-02-25 14:10:00,2021-02-25 14:11:32,"4210, 4220, 4230, 4240, 4250 ,4260",asphalt,label_4
2021-02-25 14:11:32,2021-02-25 14:23:17,"4210, 4220, 4230, 4240, 4250 ,4260",asphalt,label_2
2021-02-25 14:23:17,2021-02-25 14:24:13,"4210, 4220, 4230, 4240, 4250 ,4260",asphalt,label_4
2021-02-25 14:24:13,2021-02-25 14:24:52,"4210, 4220, 4230, 4240, 4250 ,4260",asphalt,label_2
2021-02-25 14:24:52,2021-02-25 14:23:35,"4210, 4220, 4230, 4240, 4250 ,4260",asphalt,label_4
2021-02-25 13:45:55,2021-02-25 13:46:45,"4210, 4220, 4230, 4240, 4250 ,4260",soft soil,label_11
2021-02-25 13:46:45,2021-02-25 13:51:10,"4210, 4220, 4230, 4240, 4250 ,4260",soft soil,label_11
2021-02-25 13:51:44,2021-02-25 13:52:44,4240,pipe,label_7
2021-02-25 13:52:44,2021-02-25 13:53:36,"4210, 4220, 4230, 4240, 4250 ,4260",soft soil,label_11
2021-02-25 13:52:44,2021-02-25 13:53:36,4240,pipe,label_7
2021-02-25 13:53:36,2021-02-25 13:57:00,"4210, 4220, 4230, 4240, 4250 ,4260",soft soil,label_11
2021-02-25 14:02:00,2021-02-25 14:13:37,"4210, 4240",soft soil,label_10
2021-02-25 14:13:37,2021-02-25 14:14:30,"4210, 4240",soft soil,label_10
2021-02-25 14:14:30,2021-02-25 14:16:20,4240,soft soil,label_7
2021-02-25 14:16:30,2021-02-25 14:16:55,4240,soft soil,label_7
2021-02-25 14:17:20,2021-02-25 14:18:11,4240,soft soil,label_10
2021-02-25 14:18:24,2021-02-25 14:18:47,4240,soft soil,label_10
2021-02-25 14:19:15,2021-02-25 14:22:30,4240,soft soil,label_7
2021-02-25 14:22:30,2021-02-25 14:22:50,4240,soft soil,label_7
2021-02-25 14:02:00,2021-02-25 14:23:15,4240,asphalt,label_9
2021-02-25 14:23:35,2021-02-25 14:23:59,"4210, 4220, 4230, 4240, 4250 ,4260",soft soil,label_5
2021-02-25 14:26:56,2021-02-25 14:27:36,"4210, 4220, 4230, 4240, 4250 ,4260",asphalt,label_4
2021-02-25 14:27:36,2021-02-25 14:27:40,"4210, 4220, 4230, 4240, 4250 ,4260",asphalt,label_1
2021-02-25 14:27:40,2021-02-25 14:27:52,"4210, 4220, 4230, 4240, 4250 ,4260",asphalt,label_4
2021-02-25 14:27:52,2021-02-25 14:28:10,"4210, 4220, 4230, 4240, 4250 ,4260",soft soil,label_5
2021-02-25 14:28:10,2021-02-25 14:28:19,"4210, 4220, 4230, 4240, 4250 ,4260",asphalt,label_2
2021-02-25 14:28:19,2021-02-25 14:29:21,"4210, 4220, 4230, 4240, 4250 ,4260",asphalt,label_4
2021-02-25 14:28:10,2021-02-25 14:28:50,"4210, 4220, 4230, 4240, 4250 ,4260",asphalt,label_4
2021-02-25 14:28:56,2021-02-25 14:29:15,"4210, 4220, 4230, 4240, 4250 ,4260",soft soil,label_5
2021-02-25 14:29:42,2021-02-25 14:30:10,"4210, 4220, 4230, 4240, 4250 ,4260",soft soil,label_5
2021-02-25 14:29:21,2021-02-25 14:29:25,"4210, 4220, 4230, 4240, 4250 ,4260",asphalt,label_1
2021-02-25 14:29:25,2021-02-25 14:29:36,"4210, 4220, 4230, 4240, 4250 ,4260",asphalt,label_4
2021-02-25 14:29:36,2021-02-25 14:29:38,"4210, 4220, 4230, 4240, 4250 ,4260",asphalt,label_1
2021-02-25 14:29:38,2021-02-25 14:30:09,"4210, 4220, 4230, 4240, 4250 ,4260",asphalt,label_4
2021-02-25 14:30:09,2021-02-25 14:30:20,"4210, 4220, 4230, 4240, 4250 ,4260",asphalt,label_2
2021-02-25 14:30:20,2021-02-25 14:30:30,"4210, 4220, 4230, 4240, 4250 ,4260",asphalt,label_4
2021-02-25 14:30:30,2021-02-25 14:30:41,"4210, 4220, 4230, 4240, 4250 ,4260",asphalt,label_1
2021-02-25 14:30:41,2021-02-25 14:30:53,"4210, 4220, 4230, 4240, 4250 ,4260",asphalt,label_4
2021-02-25 14:30:53,2021-02-25 14:34:26,"4210, 4220, 4230, 4240, 4250 ,4260",asphalt,label_2
2021-02-25 14:34:26,2021-02-25 14:34:50,"4210, 4220, 4230, 4240, 4250 ,4260",asphalt,label_4
2021-02-25 14:34:50,2021-02-25 14:35:02,"4210, 4220, 4230, 4240, 4250 ,4260",asphalt,label_2
2021-02-25 14:42:56,2021-02-25 14:40:41,"4210, 4220, 4230, 4240, 4250 ,4260",asphalt,label_4
2021-02-25 14:40:41,2021-02-25 14:41:10,"4210, 4220, 4230, 4240, 4250 ,4260",soft soil,label_5
2021-02-25 14:42:10,2021-02-25 14:43:53,"4210, 4220, 4230, 4240, 4250 ,4260",asphalt,label_4
2021-02-25 14:43:53,2021-02-25 14:44:32,"4210, 4220, 4230, 4240, 4250 ,4260",asphalt,label_2
2021-02-25 14:44:32,2021-02-25 14:45:24,"4210, 4220, 4230, 4240, 4250 ,4260",asphalt,label_4
2021-02-25 14:45:24,2021-02-25 14:46:21,"4210, 4220, 4230, 4240, 4250 ,4260",soft soil,label_5
2021-02-25 14:46:50,2021-02-25 14:47:53,"4210, 4220, 4230, 4240, 4250 ,4260",asphalt,label_4
2021-02-25 14:47:53,2021-02-25 14:52:55,"4210, 4220, 4230, 4240, 4250 ,4260",asphalt,label_2
2021-02-25 14:52:55,2021-02-25 14:53:03,"4210, 4220, 4230, 4240, 4250 ,4260",asphalt,label_4
2021-02-25 14:53:03,2021-02-25 14:53:16,"4210, 4220, 4230, 4240, 4250 ,4260",asphalt,label_2
2021-02-25 14:53:16,2021-02-25 14:53:57,"4210, 4220, 4230, 4240, 4250 ,4260",asphalt,label_4
2021-02-25 14:53:57,2021-02-25 14:54:20,"4210, 4220, 4230, 4240, 4250 ,4260",soft soil,label_5
2021-02-25 14:54:40,2021-02-25 14:54:50,"4210, 4220, 4230, 4240, 4250 ,4260",asphalt,label_4
2021-02-25 14:55:05,2021-02-25 14:55:20,"4210, 4220, 4230, 4240, 4250 ,4260",asphalt,label_4
2021-02-25 14:55:20,2021-02-25 14:56:13,"4210, 4220, 4230, 4240, 4250 ,4260",soft soil,label_5
2021-02-25 14:56:13,2021-02-25 14:56:31,"4210, 4220, 4230, 4240, 4250 ,4260",asphalt,label_4
2021-02-25 14:56:31,2021-02-25 14:56:55,"4210, 4220, 4230, 4240, 4250 ,4260",soft soil,label_5
2021-02-25 14:56:55,2021-02-25 14:58:37,"4210, 4220, 4230, 4240, 4250 ,4260",asphalt,label_4
2021-02-25 14:58:37,2021-02-25 15:06:40,"4210, 4220, 4230, 4240, 4250 ,4260",asphalt,label_2
2021-02-25 15:06:40,2021-02-25 15:06:50,"4210, 4220, 4230, 4240, 4250 ,4260",asphalt,label_4
2021-02-25 15:06:50,2021-02-25 15:07:03,"4210, 4220, 4230, 4240, 4250 ,4260",asphalt,label_2
2021-02-25 15:07:03,2021-02-25 15:07:25,"4210, 4220, 4230, 4240, 4250 ,4260",asphalt,label_4
2021-02-25 15:07:25,2021-02-25 15:08:35,"4210, 4220, 4230, 4240, 4250 ,4260",soft soil,label_5
2021-02-25 15:08:35,2021-02-25 15:09:28,"4210, 4220, 4230, 4240, 4250 ,4260",asphalt,label_4
2021-02-25 15:09:28,2021-02-25 15:09:50,"4210, 4220, 4230, 4240, 4250 ,4260",soft soil,label_5
2021-02-25 15:09:50,2021-02-25 15:10:23,"4210, 4220, 4230, 4240, 4250 ,4260",asphalt,label_4
2021-02-25 15:10:23,2021-02-25 15:10:51,"4210, 4220, 4230, 4240, 4250 ,4260",asphalt,label_2
2021-02-25 15:37:39,2021-02-25 15:37:42,"4210, 4220, 4230, 4240, 4250 ,4260",asphalt,label_1
2021-02-25 15:42:32,2021-02-25 15:42:44,"4210, 4220, 4230, 4240, 4250 ,4260",soft soil,label_5
2021-02-25 15:43:24,2021-02-25 15:43:38,"4210, 4220, 4230, 4240, 4250 ,4260",soft soil,label_5
2021-02-25 15:44:20,2021-02-25 15:58:57,"4210, 4220, 4230, 4240, 4250 ,4260",asphalt,label_2
2021-02-25 15:59:50,2021-02-25 16:00:20,"4210, 4220, 4230, 4240, 4250 ,4260",soft soil,label_5
2021-02-25 16:00:20,2021-02-25 16:01:03,"4210, 4220, 4230, 4240, 4250 ,4260",asphalt,label_4
2021-02-25 16:01:03,2021-02-25 16:06:00,"4210, 4220, 4230, 4240, 4250 ,4260",asphalt,label_2
2021-02-25 16:06:00,2021-02-25 16:06:20,"4210, 4220, 4230, 4240, 4250 ,4260",asphalt,label_4
2021-02-25 16:06:20,2021-02-25 17:55:10,"4210, 4220, 4230, 4240, 4250 ,4260",asphalt,label_2
2021-02-25 17:55:10,2021-02-25 18:14:06,"4210, 4220, 4230, 4240, 4250 ,4260",asphalt,label_4
2021-02-25 16:06:20,2021-02-25 17:54:37,"4210, 4220, 4230, 4240, 4250",asphalt,label_6
2021-02-25 17:54:37,2021-02-26 06:40:40,"4210, 4220, 4230, 4240, 4250",asphalt,label_6
2021-02-26 06:41:36,2021-02-26 06:41:47,"4220, 4230, 4240, 4250",asphalt,label_2
2021-02-26 06:41:47,2021-02-26 06:41:56,"4220, 4230, 4240, 4250",asphalt,label_4
2021-02-26 06:41:56,2021-02-26 06:42:06,"4220, 4230, 4240, 4250",asphalt,label_1
2021-02-26 06:42:06,2021-02-26 06:42:41,"4220, 4230, 4240, 4250",asphalt,label_4
2021-02-26 06:42:41,2021-02-26 06:42:54,"4230, 4240, 4250, 4260",asphalt,label_1
2021-02-26 06:42:54,2021-02-26 06:42:58,"4230, 4240, 4250, 4260",asphalt,label_4
2021-02-26 06:42:58,2021-02-26 06:43:06,"4230, 4240, 4250, 4260",asphalt,label_2
2021-02-26 06:43:06,2021-02-26 06:43:21,"4230, 4240, 4250, 4260",asphalt,label_4
2021-02-26 06:43:21,2021-02-26 06:43:26,"4230, 4240, 4250, 4260",asphalt,label_2
2021-02-26 06:43:26,2021-02-26 06:43:34,"4230, 4240, 4250, 4260",asphalt,label_4
2021-02-26 06:43:34,2021-02-26 06:44:06,"4230, 4240, 4250, 4260",asphalt,label_2
2021-02-26 06:44:06,2021-02-26 06:44:48,"4230, 4240, 4250, 4260",asphalt,label_4
2021-02-26 06:44:48,2021-02-26 06:44:52,"4230, 4240, 4250, 4260",asphalt,label_1
2021-02-26 06:44:52,2021-02-26 06:44:59,"4230, 4240, 4250, 4260",asphalt,label_4
2021-02-26 06:44:59,2021-02-26 06:50:21,"4230, 4240, 4250, 4260",asphalt,label_2
2021-02-26 06:50:21,2021-02-26 06:50:45,"4230, 4240, 4250, 4260",asphalt,label_4
2021-02-26 06:50:45,2021-02-26 06:52:17,"4230, 4240, 4250, 4260",asphalt,label_2
2021-02-26 06:52:17,2021-02-26 06:53:03,"4230, 4240, 4250, 4260",asphalt,label_4
2021-02-26 06:53:03,2021-02-26 06:53:21,"4230, 4240, 4250, 4260",asphalt,label_2
2021-02-26 06:53:21,2021-02-26 06:54:00,"4230, 4240, 4250, 4260",asphalt,label_1
2021-02-26 06:54:00,2021-02-26 06:54:18,"4230, 4240, 4250, 4260",asphalt,label_2
2021-02-26 06:54:18,2021-02-26 06:54:56,"4230, 4240, 4250, 4260",asphalt,label_4
2021-02-26 06:56:15,2021-02-26 06:56:20,"4230, 4240, 4250, 4260",asphalt,label_4
2021-02-26 06:56:20,2021-02-26 06:58:07,"4230, 4240, 4250, 4260",asphalt,label_2
2021-02-26 06:58:07,2021-02-26 06:58:35,"4230, 4240, 4250, 4260",asphalt,label_4
2021-02-26 06:58:35,2021-02-26 06:58:40,"4230, 4240, 4250, 4260",asphalt,label_1
2021-02-26 06:58:40,2021-02-26 06:59:38,"4230, 4240, 4250, 4260",asphalt,label_4
2021-02-26 06:59:38,2021-02-26 06:59:44,"4230, 4240, 4250, 4260",asphalt,label_1
2021-02-26 06:59:44,2021-02-26 06:59:50,"4230, 4240, 4250, 4260",asphalt,label_4
2021-02-26 06:59:50,2021-02-26 07:00:46,"4230, 4240, 4250, 4260",asphalt,label_2
2021-02-26 07:00:46,2021-02-26 07:01:10,"4230, 4240, 4250, 4260",asphalt,label_4
2021-02-26 07:01:10,2021-02-26 07:01:15,"4230, 4240, 4250, 4260",asphalt,label_2
2021-02-26 07:01:15,2021-02-26 07:01:29,"4230, 4240, 4250, 4260",asphalt,label_4
2021-02-26 07:01:29,2021-02-26 07:01:34,"4230, 4240, 4250, 4260",asphalt,label_2
2021-02-26 07:01:34,2021-02-26 07:01:40,"4230, 4240, 4250, 4260",asphalt,label_4
2021-02-26 07:01:40,2021-02-26 07:01:56,"4230, 4240, 4250, 4260",asphalt,label_2
2021-02-26 07:01:56,2021-02-26 07:02:10,"4230, 4240, 4250, 4260",asphalt,label_4
2021-02-26 07:02:10,2021-02-26 07:03:20,"4230, 4240, 4250, 4260",asphalt,label_2
2021-02-26 07:00:19,2021-02-26 07:04:40,"4220, 4230",asphalt,label_8
2021-02-26 07:03:20,2021-02-26 07:04:20,"4230, 4240, 4250, 4260",asphalt,label_4
2021-02-26 07:04:20,2021-02-26 07:04:44,"4230, 4240, 4250, 4260",asphalt,label_2
2021-02-26 07:04:44,2021-02-26 07:04:50,"4230, 4240, 4250, 4260",asphalt,label_4
2021-02-26 07:04:50,2021-02-26 07:05:22,"4230, 4240, 4250, 4260",asphalt,label_4
2021-02-26 07:05:22,2021-02-26 07:05:34,"4230, 4240, 4250, 4260",asphalt,label_2
2021-02-26 07:05:34,2021-02-26 07:06:02,"4230, 4240, 4250, 4260",asphalt,label_4
2021-02-26 07:06:02,2021-02-26 07:06:51,"4230, 4240, 4250, 4260",soft soil,label_5
2021-02-26 07:06:51,2021-02-26 07:07:59,"4230, 4240, 4250, 4260",asphalt,label_4
2021-02-26 07:07:59,2021-02-26 07:08:26,"4230, 4240, 4250, 4260",soft soil,label_5
2021-02-26 07:08:26,2021-02-26 07:09:11,"4230, 4240, 4250, 4260",asphalt,label_4
2021-02-26 07:09:11,2021-02-26 07:09:55,"4230, 4240, 4250, 4260",soft soil,label_5
2021-02-26 07:09:55,2021-02-26 07:10:47,"4230, 4240, 4250, 4260",asphalt,label_4
2021-02-26 07:10:47,2021-02-26 07:11:38,"4220, 4230, 4240, 4250, 4260",asphalt,label_2
2021-02-26 07:11:38,2021-02-26 07:12:15,"4220, 4230, 4240, 4250, 4260",soft soil,label_5
2021-02-26 07:12:15,2021-02-26 07:13:04,"4220, 4230, 4240, 4250, 4260",asphalt,label_4
2021-02-26 07:13:04,2021-02-26 07:15:53,"4220, 4230, 4240, 4250, 4260",asphalt,label_2
2021-02-26 07:15:53,2021-02-26 07:17:00,"4220, 4230, 4240, 4250, 4260",asphalt,label_4
2021-02-26 07:17:00,2021-02-26 07:18:10,"4220, 4230, 4240, 4250, 4260",asphalt,label_2
2021-02-26 07:18:10,2021-02-26 07:18:19,"4220, 4230, 4240, 4250, 4260",asphalt,label_4
2021-02-26 07:18:19,2021-02-26 07:20:28,"4220, 4230, 4240, 4250, 4260",asphalt,label_2
2021-02-26 07:17:10,2021-02-26 07:21:41,"4220, 4230",asphalt,label_8
2021-02-26 07:20:28,2021-02-26 07:21:07,"4220, 4230, 4240, 4250, 4260",asphalt,label_4
2021-02-26 07:21:07,2021-02-26 07:21:24,"4220, 4230, 4240, 4250, 4260",asphalt,label_2
2021-02-26 07:21:24,2021-02-26 07:22:27,"4220, 4230, 4240, 4250, 4260",asphalt,label_4
2021-02-26 07:22:27,2021-02-26 07:23:45,"4220, 4230, 4240, 4250, 4260",asphalt,label_2
2021-02-26 07:23:45,2021-02-26 07:25:00,"4230, 4240, 4250, 4260",soft soil,label_5
2021-02-26 07:25:00,2021-02-26 07:25:44,"4230, 4240, 4250, 4260",asphalt,label_4
2021-02-26 07:25:44,2021-02-26 07:34:19,"4220, 4230, 4250",asphalt,label_2
2021-02-26 07:34:19,2021-02-26 07:34:20,"4230, 4240, 4250, 4260",asphalt,label_4
2021-02-26 07:34:20,2021-02-26 07:35:20,"4230, 4240, 4250, 4260",soft soil,label_5
2021-02-26 07:35:20,2021-02-26 07:36:10,"4230, 4240, 4250, 4260",asphalt,label_4
2021-02-26 07:36:10,2021-02-26 07:37:02,"4230, 4240, 4250, 4260",soft soil,label_5
2021-02-26 07:37:02,2021-02-26 07:37:57,"4230, 4240, 4250, 4260",asphalt,label_4
2021-02-26 07:37:57,2021-02-26 07:44:40,"4230, 4240, 4250, 4260",asphalt,label_2
2021-02-26 07:44:40,2021-02-26 07:46:05,"4230, 4240, 4250, 4260",soft soil,label_5
2021-02-26 07:46:05,2021-02-26 07:47:00,"4230, 4240, 4250, 4260",asphalt,label_4
2021-02-26 07:47:00,2021-02-26 07:47:14,"4230, 4240, 4250, 4260",asphalt,label_4
2021-02-26 07:47:17,2021-02-26 07:56:46,"4230, 4240, 4250, 4260",asphalt,label_2
2021-02-26 07:56:46,2021-02-26 07:56:56,"4230, 4240, 4250, 4260",asphalt,label_4
2021-02-26 07:56:56,2021-02-26 07:58:15,"4230, 4240, 4250, 4260",asphalt,label_2
2021-02-26 07:58:15,2021-02-26 07:58:27,"4230, 4240, 4250, 4260",asphalt,label_4
2021-02-26 07:58:27,2021-02-26 08:05:57,"4230, 4240, 4250, 4260",asphalt,label_2
2021-02-26 08:05:57,2021-02-26 08:06:43,"4230, 4240, 4250, 4260",asphalt,label_4
2021-02-26 08:06:43,2021-02-26 08:07:15,"4230, 4240, 4250, 4260",asphalt,label_2
2021-02-26 08:07:15,2021-02-26 08:07:23,"4230, 4240, 4250, 4260",asphalt,label_1
2021-02-26 08:07:23,2021-02-26 08:09:46,"4230, 4240, 4250",asphalt,label_2
2021-02-26 08:09:46,2021-02-26 08:10:09,"4230, 4240, 4250, 4260",asphalt,label_4
2021-02-26 08:10:09,2021-02-26 08:10:30,"4230, 4240, 4250, 4260",asphalt,label_2
2021-02-26 08:10:30,2021-02-26 08:11:30,"4230, 4240, 4250, 4260",asphalt,label_4
2021-02-26 08:11:30,2021-02-26 08:12:12,"4230, 4240, 4250, 4260",soft soil,label_5
2021-02-26 08:12:12,2021-02-26 08:12:48,"4230, 4240, 4250, 4260",asphalt,label_4
2021-02-26 08:12:48,2021-02-26 08:13:25,"4230, 4240, 4250, 4260",soft soil,label_5
2021-02-26 08:13:25,2021-02-26 08:14:00,"4230, 4240, 4250, 4260",asphalt,label_4
2021-02-26 08:14:00,2021-02-26 08:15:00,"4230, 4240, 4250, 4260",soft soil,label_5
2021-02-26 08:15:00,2021-02-26 08:15:43,"4230, 4240, 4250, 4260",asphalt,label_4
2021-02-26 08:15:43,2021-02-26 08:20:39,"4230, 4240, 4250, 4260",asphalt,label_2
2021-02-26 08:20:39,2021-02-26 08:20:58,"4230, 4240, 4250, 4260",asphalt,label_4
2021-02-26 08:20:58,2021-02-26 08:21:44,"4230, 4240, 4250, 4260",asphalt,label_2
2021-02-26 08:21:44,2021-02-26 08:21:48,"4230, 4240, 4250, 4260",asphalt,label_4
2021-02-26 08:21:48,2021-02-26 08:24:04,"4230, 4240, 4250, 4260",asphalt,label_2
2021-02-26 08:45:03,2021-02-26 08:46:00,"4230, 4240, 4250, 4260",soft soil,label_4
2021-02-26 08:46:00,2021-02-26 08:46:44,"4230, 4240, 4250, 4260",asphalt,label_4
2021-02-26 08:46:44,2021-02-26 08:49:29,"4230, 4240, 4250, 4260",asphalt,label_2
2021-02-26 08:49:29,2021-02-26 08:50:22,"4230, 4240, 4250, 4260",soft soil,label_5
2021-02-26 08:50:22,2021-02-26 08:50:42,"4230, 4240, 4250, 4260",asphalt,label_2
2021-02-26 08:50:42,2021-02-26 08:51:12,"4230, 4240, 4250, 4260",soft soil,label_5
2021-02-26 08:51:12,2021-02-26 08:51:54,"4230, 4240, 4250, 4260",asphalt,label_4
2021-02-26 08:51:54,2021-02-26 09:05:27,"4230, 4240, 4250, 4260",asphalt,label_2
2021-02-26 09:05:27,2021-02-26 09:06:03,"4230, 4240, 4250, 4260",soft soil,label_5
2021-02-26 09:07:06,2021-02-26 09:07:43,"4230, 4240, 4250, 4260",asphalt,label_2
2021-02-26 09:06:03,2021-02-26 09:07:06,"4230, 4240, 4250, 4260",asphalt,label_4
2021-02-26 09:07:43,2021-02-26 09:08:37,"4230, 4240, 4250, 4260",asphalt,label_4
2021-02-26 09:08:37,2021-02-26 09:08:48,"4230, 4240, 4250, 4260",asphalt,label_2
2021-02-26 09:08:48,2021-02-26 09:08:58,"4230, 4240, 4250, 4260",asphalt,label_4
2021-02-26 09:08:58,2021-02-26 09:09:06,"4230, 4240, 4250, 4260",asphalt,label_2
2021-02-26 09:09:06,2021-02-26 09:09:30,"4230, 4240, 4250, 4260",asphalt,label_4
2021-02-26 09:09:30,2021-02-26 09:09:36,"4230, 4240, 4250, 4260",asphalt,label_2
2021-02-26 09:09:36,2021-02-26 09:10:40,"4230, 4240, 4250, 4260",asphalt,label_4
2021-02-26 09:10:40,2021-02-26 09:10:44,"4230, 4240, 4250, 4260",asphalt,label_4
2021-02-26 09:10:44,2021-02-26 09:11:20,"4230, 4240, 4250, 4260",soft soil,label_5
2021-02-26 09:11:20,2021-02-26 09:12:05,"4230, 4240, 4250, 4260",asphalt,label_4
2021-02-26 09:12:05,2021-02-26 09:12:27,"4230, 4240, 4250, 4260",soft soil,label_5
2021-02-26 09:12:27,2021-02-26 09:13:20,"4230, 4240, 4250, 4260",asphalt,label_4
2021-02-26 09:13:20,2021-02-26 09:13:35,"4230, 4240, 4250, 4260",soft soil,label_5
2021-02-26 09:13:35,2021-02-26 09:14:28,"4230, 4240, 4250, 4260",asphalt,label_4
2021-02-26 09:14:28,2021-02-26 09:14:35,"4230, 4240, 4250, 4260",asphalt,label_1
2021-02-26 09:14:35,2021-02-26 09:14:41,"4230, 4240, 4250, 4260",asphalt,label_4
2021-02-26 09:14:41,2021-02-26 09:17:44,"4230, 4240, 4250, 4260",asphalt,label_2
2021-02-26 09:17:44,2021-02-26 09:18:20,"4230, 4240, 4250, 4260",asphalt,label_4
2021-02-26 09:18:20,2021-02-26 09:19:01,"4230, 4240, 4250, 4260",asphalt,label_4
2021-02-26 09:19:01,2021-02-26 09:19:26,"4230, 4240, 4250, 4260",asphalt,label_4
2021-02-26 09:19:26,2021-02-26 09:20:20,"4230, 4240, 4250, 4260",asphalt,label_4
2021-02-26 09:20:20,2021-02-26 09:20:35,"4230, 4240, 4250, 4260",asphalt,label_4
2021-02-26 09:20:35,2021-02-26 09:21:20,"4230, 4240, 4250, 4260",asphalt,label_4
2021-02-26 09:21:20,2021-02-26 09:21:46,"4230, 4240, 4250, 4260",asphalt,label_4
2021-02-26 09:21:46,2021-02-26 09:22:42,"4230, 4240, 4250, 4260",asphalt,label_2
2021-02-26 09:22:42,2021-02-26 09:24:27,"4230, 4240, 4250, 4260",asphalt,label_4
2021-02-26 09:24:27,2021-02-26 09:28:27,"4220, 4230, 4240, 4250",asphalt,label_2
2021-02-26 09:27:04,2021-02-26 09:28:30,"4220, 4230, 4240, 4250",asphalt,label_6
2021-02-26 09:28:30,2021-02-26 09:33:10,"4220, 4230, 4240, 4250",asphalt,label_6
2021-02-26 09:28:27,2021-02-26 09:30:22,"4220, 4230, 4240, 4250",asphalt,label_4
2021-02-26 09:30:22,2021-02-26 09:30:42,"4220, 4230, 4240, 4250",asphalt,label_4
2021-02-26 09:30:42,2021-02-26 09:31:56,"4220, 4230, 4240, 4250",asphalt,label_4
2021-02-26 09:31:56,2021-02-26 09:32:22,"4220, 4230, 4240, 4250",asphalt,label_4
2021-02-26 09:32:22,2021-02-26 09:50:21,"4220, 4230, 4240, 4250",asphalt,label_2
2021-02-26 09:50:21,2021-02-26 09:50:41,"4220, 4230, 4240, 4250",asphalt,label_4
2021-02-26 09:50:41,2021-02-26 09:51:24,"4220, 4230, 4240, 4250",asphalt,label_2
2021-02-26 09:51:24,2021-02-26 09:53:58,"4220, 4230, 4240, 4250",asphalt,label_4
2021-02-26 09:53:58,2021-02-26 09:55:34,"4220, 4230, 4240, 4250",asphalt,label_2
2021-02-26 09:32:20,2021-02-26 09:33:10,4240,,label_7
2021-02-26 09:33:10,2021-02-26 09:44:59,"4220, 4230, 4240, 4250",asphalt,label_6
2021-02-26 09:44:59,2021-02-26 10:01:55,"4220, 4230, 4240, 4250",asphalt,label_6
2021-02-26 09:46:00,2021-02-26 09:49:10,"4220, 4230, 4240, 4250",pipe,label_11
2021-02-26 09:50:00,2021-02-26 09:50:18,"4220, 4230, 4240, 4250",pipe,label_11
2021-02-26 09:50:30,2021-02-26 09:50:50,"4220, 4230, 4240, 4250",pipe,label_11
2021-02-26 09:52:40,2021-02-26 09:53:00,4240,,label_7
2021-02-26 09:53:58,2021-02-26 09:54:16,4240,,label_7
2021-02-26 09:54:16,2021-02-26 09:54:50,4240,,label_7
2021-02-26 09:54:50,2021-02-26 09:55:25,4240,,label_7
2021-02-26 09:55:25,2021-02-26 09:55:55,4240,,label_7
2021-02-26 09:55:34,2021-02-26 09:56:09,"4220, 4230, 4240, 4250",asphalt,label_4
2021-02-26 09:56:09,2021-02-26 09:56:25,"4220, 4230, 4240, 4250",asphalt,label_4
2021-02-26 09:56:25,2021-02-26 09:57:27,"4220, 4230, 4240, 4250",asphalt,label_4
2021-02-26 09:57:27,2021-02-26 09:57:50,"4220, 4230, 4240, 4250",asphalt,label_4
2021-02-26 09:57:50,2021-02-26 09:59:20,"4220, 4230, 4240, 4250",asphalt,label_2
2021-02-26 09:57:52,2021-02-26 09:58:24,4240,,label_7
2021-02-26 09:58:24,2021-02-26 09:58:50,4240,,label_7
2021-02-26 09:58:50,2021-02-26 09:59:10,4240,,label_7
2021-02-26 09:59:20,2021-02-26 09:59:30,"4220, 4230, 4240, 4250",asphalt,label_4
2021-02-26 09:59:30,2021-02-26 10:00:00,"4220, 4230, 4240, 4250",asphalt,label_4
2021-02-26 10:00:00,2021-02-26 10:00:25,"4220, 4230, 4240, 4250",asphalt,label_4
2021-02-26 10:00:25,2021-02-26 10:00:47,"4220, 4230, 4240, 4250",asphalt,label_4
2021-02-26 10:00:47,2021-02-26 10:01:10,"4220, 4230, 4240, 4250",asphalt,label_4
2021-02-26 10:01:10,2021-02-26 10:01:37,"4220, 4230, 4240, 4250",asphalt,label_4
2021-02-26 10:01:37,2021-02-26 10:02:07,"4220, 4230, 4240, 4250",asphalt,label_4
2021-02-26 10:02:07,2021-02-26 10:36:57,"4220, 4230, 4240, 4250",asphalt,label_2
2021-02-26 10:01:55,2021-02-26 10:04:45,"4220, 4230, 4240, 4250",asphalt,label_6
2021-02-26 10:04:45,2021-02-26 10:05:15,"4220, 4230, 4240, 4250",asphalt,label_6
2021-02-26 10:04:48,2021-02-26 10:05:15,4240,asphalt,label_7
2021-02-26 10:05:15,2021-02-26 10:36:57,"4220, 4230, 4240, 4250",asphalt,label_6
2021-02-26 11:48:30,2021-02-26 12:58:30,"4210, 4250, 4260",asphalt,label_6
2021-02-26 11:48:30,2021-02-26 11:57:00,"4210, 4250, 4260",pipe,label_11
2021-02-26 11:57:40,2021-02-26 12:00:27,"4210, 4250, 4260",pipe,label_11
2021-02-26 11:58:36,2021-02-26 11:58:59,"4210, 4250, 4260",asphalt,label_4
2021-02-26 11:58:59,2021-02-26 11:59:02,"4210, 4250, 4260",asphalt,label_1
2021-02-26 11:59:02,2021-02-26 12:01:00,"4210, 4250, 4260",asphalt,label_4
2021-02-26 12:01:00,2021-02-26 12:01:30,"4210, 4250, 4260",asphalt,label_4
2021-02-26 12:01:30,2021-02-26 12:02:01,"4210, 4250, 4260",asphalt,label_4
2021-02-26 12:02:01,2021-02-26 12:02:06,"4210, 4250, 4260",asphalt,label_1
2021-02-26 12:02:06,2021-02-26 12:02:37,"4210, 4250, 4260",asphalt,label_4
2021-02-26 12:02:37,2021-02-26 12:02:41,"4210, 4250, 4260",asphalt,label_1
2021-02-26 12:02:55,2021-02-26 12:02:59,"4210, 4250, 4260",asphalt,label_1
2021-02-26 12:02:59,2021-02-26 12:04:00,"4210, 4250, 4260",asphalt,label_4
2021-02-26 12:01:27,2021-02-26 12:06:26,"4210, 4250, 4260",pipe,label_11
2021-02-26 12:06:36,2021-02-26 12:06:52,"4210, 4250, 4260",pipe,label_11
2021-02-26 12:11:42,2021-02-26 12:16:35,"4210, 4250, 4260",pipe,label_11
2021-02-26 12:17:22,2021-02-26 12:17:30,"4210, 4250, 4260",pipe,label_11
2021-02-26 12:20:53,2021-02-26 12:21:34,"4210, 4250, 4260",pipe,label_11
2021-02-26 12:21:50,2021-02-26 12:24:05,"4210, 4250, 4260",pipe,label_11
2021-02-26 12:24:45,2021-02-26 12:24:52,"4210, 4250, 4260",pipe,label_11
2021-02-26 12:25:09,2021-02-26 12:25:25,"4210, 4250, 4260",pipe,label_11
2021-02-26 12:27:32,2021-02-26 12:30:02,"4210, 4250, 4260",pipe,label_11
2021-02-26 12:31:31,2021-02-26 12:31:42,"4210, 4250, 4260",pipe,label_11
2021-02-26 12:33:07,2021-02-26 12:33:30,"4210, 4250, 4260",pipe,label_11
2021-02-26 12:34:50,2021-02-26 12:38:05,"4210, 4250, 4260",pipe,label_11
2021-02-26 12:38:32,2021-02-26 12:38:46,"4210, 4250, 4260",pipe,label_11
2021-02-26 12:43:00,2021-02-26 12:44:02,"4210, 4250, 4260",pipe,label_11
2021-02-26 12:44:47,2021-02-26 12:46:32,"4210, 4250, 4260",pipe,label_11
2021-02-26 12:48:03,2021-02-26 12:48:28,"4210, 4250, 4260",pipe,label_11
2021-02-26 12:51:30,2021-02-26 12:52:03,"4210, 4250, 4260",pipe,label_11
2021-02-26 12:58:30,2021-02-26 13:21:34,"4210, 4250, 4260",,label_6
2021-02-26 13:21:34,2021-02-26 14:00:00,"4210, 4250, 4260",,label_6
2021-02-26 13:24:50,2021-02-26 13:27:20,"4210, 4250, 4260",pipe,label_11
2021-02-26 13:34:04,2021-02-26 13:34:25,"4210, 4250, 4260",pipe,label_11
2021-02-26 13:37:40,2021-02-26 13:38:18,"4210, 4250, 4260",pipe,label_11
2021-02-26 13:41:18,2021-02-26 13:42:32,"4210, 4250, 4260",,label_11
2021-02-26 13:43:04,2021-02-26 13:46:15,"4210, 4250, 4260",pipe,label_11
